description,link,store,price
"placa de vídeo zotac gaming geforce rtx 3060 twin edge - 15 gbps, 12gb, gddr6, ray tracing - zt-a30600e-10m",https://www.kabum.com.br/produto/148656/placa-de-video-zotac-gaming-geforce-rtx-3060-twin-edge-15-gbps-12gb-gddr6-ray-tracing-zt-a30600e-10m,Kabum,"3.199,90"
"placa de vídeo gigabyte nvidia geforce rtx 2060 d6 6g, gddr6 - gv-n2060d6-6gd",https://www.kabum.com.br/produto/115571/placa-de-video-gigabyte-nvidia-geforce-rtx-2060-d6-6g-gddr6-gv-n2060d6-6gd,Kabum,"2.099,90"
"placa de vídeo zotac gaming nvidia geforce rtx 2060, 6gb, gddr6 - zt-t20600h-10m",https://www.kabum.com.br/produto/110397/placa-de-video-zotac-gaming-nvidia-geforce-rtx-2060-6gb-gddr6-zt-t20600h-10m,Kabum,"1.969,90"
"placa de vídeo zotac nvidia geforce rtx 3070 ti trinity lhr, 19 gbps, 8gb gddr6x, ray tracing, dlss, rgb - zt-a30710d-10p",https://www.kabum.com.br/produto/166105/placa-de-video-zotac-nvidia-geforce-rtx-3070-ti-trinity-lhr-19-gbps-8gb-gddr6x-ray-tracing-dlss-rgb-zt-a30710d-10p,Kabum,"4.199,90"
"placa de vídeo zotac nvidia geforce rtx 3060 ti twin edge lhr, 8gb, 14.0 gbps, gddr6, dlss, ray tracing - zt-a30610e-10mlhr",https://www.kabum.com.br/produto/166104/placa-de-video-zotac-nvidia-geforce-rtx-3060-ti-twin-edge-lhr-8gb-14-0-gbps-gddr6-dlss-ray-tracing-zt-a30610e-10mlhr,Kabum,"3.599,90"
"placa de vídeo asus nvidia geforce rtx 3050 oc, 8gb, gddr6, ray tracing -  90yv0hh0-m0na00",https://www.kabum.com.br/produto/298405/placa-de-video-asus-nvidia-geforce-rtx-3050-oc-8gb-gddr6-ray-tracing-90yv0hh0-m0na00,Kabum,"2.399,90"
"placa de vídeo asus nvidia geforce dual rtx3060 o12g v2, lhr, 15 gbps, 12gb gddr6, ray tracing, dlss - 90yv0gb2-m0na10",https://www.kabum.com.br/produto/164854/placa-de-video-asus-nvidia-geforce-dual-rtx3060-o12g-v2-lhr-15-gbps-12gb-gddr6-ray-tracing-dlss-90yv0gb2-m0na10,Kabum,"2.929,90"
"placa de vídeo xfx speedster swft 210 amd radeon rx 6600 core gaming graphics card, 8gb gddr6, amd rdna 2 - rx-66xl8lfdq",https://www.kabum.com.br/produto/261040/placa-de-video-xfx-speedster-swft-210-amd-radeon-rx-6600-core-gaming-graphics-card-8gb-gddr6-amd-rdna-2-rx-66xl8lfdq,Kabum,"2.199,90"
"placa de vídeo duex amd radeon rx 550, 4gb, ddr5 - dxrx5504gb",https://www.kabum.com.br/produto/255155/placa-de-video-duex-amd-radeon-rx-550-4gb-ddr5-dxrx5504gb,Kabum,"729,90"
"placa de vídeo xfx speedster swft210 amd radeon rx 6600 xt, 8gb gddr6, 16gbps, amd rdna 2 architecture - rx-66xt8dfdq",https://www.kabum.com.br/produto/187640/placa-de-video-xfx-speedster-swft210-amd-radeon-rx-6600-xt-8gb-gddr6-16gbps-amd-rdna-2-architecture-rx-66xt8dfdq,Kabum,"3.799,90"
"placa de vídeo asus nvidia geforce gtx 1050 ti oc cerberus 4gb, gddr5 - cerberus-gtx1050ti-o4g",https://www.kabum.com.br/produto/95459/placa-de-video-asus-nvidia-geforce-gtx-1050-ti-oc-cerberus-4gb-gddr5-cerberus-gtx1050ti-o4g,Kabum,"1.399,90"
"placa de vídeo gigabyte nvidia geforce rtx 3070 ti gaming oc lhr, rgb, 8g, gddr6x, dlss, ray tracing - gv-n307tgaming oc-8gd",https://www.kabum.com.br/produto/167207/placa-de-video-gigabyte-nvidia-geforce-rtx-3070-ti-gaming-oc-lhr-rgb-8g-gddr6x-dlss-ray-tracing-gv-n307tgaming-oc-8gd,Kabum,"4.499,90"
"placa de vídeo asus nvidia geforce tuf gtx 1660 super o6g gaming oc, 6gb gddr6, ip5x, preto",https://www.kabum.com.br/produto/211056/placa-de-video-asus-nvidia-geforce-tuf-gtx-1660-super-o6g-gaming-oc-6gb-gddr6-ip5x-preto,Kabum,"1.849,90"
placa de vídeo zotac gaming geforce nvidia gtx 1660 twin fan 6gb gddr5 - zt-t16600m-10m,https://www.kabum.com.br/produto/158629/placa-de-video-zotac-gaming-geforce-nvidia-gtx-1660-twin-fan-6gb-gddr5-zt-t16600m-10m,Kabum,"1.799,90"
"placa de vídeo evga geforce rtx 3070 ti  ftw3 ultra gaming lhr, 8gb gddr6x, ray tracing, dlss, argb - 08g-p5-3797-kl",https://www.kabum.com.br/produto/164649/placa-de-video-evga-geforce-rtx-3070-ti-ftw3-ultra-gaming-lhr-8gb-gddr6x-ray-tracing-dlss-argb-08g-p5-3797-kl,Kabum,"4.999,90"
"placa de vídeo asus amd radeon rx 6700 xt, 16 gbps, 12gb gddr6 - tuf-rx6700xt-o12g-gaming",https://www.kabum.com.br/produto/150480/placa-de-video-asus-amd-radeon-rx-6700-xt-16-gbps-12gb-gddr6-tuf-rx6700xt-o12g-gaming,Kabum,"5.499,90"
"placa de vídeo sapphire amd radeon rx 550 pulse 4g, gddr5 - 11268-01-20g",https://www.kabum.com.br/produto/89279/placa-de-video-sapphire-amd-radeon-rx-550-pulse-4g-gddr5-11268-01-20g,Kabum,"729,90"
"placa de vídeo zotac nvidia geforce rtx 3080 trinity lhr, 10gb, 19 gbps, gddr6x, ray tracing, dlss, rgb - zt-a30800d-10plhr",https://www.kabum.com.br/produto/166106/placa-de-video-zotac-nvidia-geforce-rtx-3080-trinity-lhr-10gb-19-gbps-gddr6x-ray-tracing-dlss-rgb-zt-a30800d-10plhr,Kabum,"8.499,90"
"placa de vídeo power color amd radeon rx 6500 xt itx, 4gb gddr6, ray tracing - axrx 6500 xt 4gbd6-dh",https://www.kabum.com.br/produto/308222/placa-de-video-power-color-amd-radeon-rx-6500-xt-itx-4gb-gddr6-ray-tracing-axrx-6500-xt-4gbd6-dh,Kabum,"1.659,90"
"placa de vídeo asus tuf rtx 3060 o12g v2 gaming lhr, 15 gbps, 12gb gddr6, rgb, ray tracing, dlss - 90yv0gc0-m0na10",https://www.kabum.com.br/produto/172233/placa-de-video-asus-tuf-rtx-3060-o12g-v2-gaming-lhr-15-gbps-12gb-gddr6-rgb-ray-tracing-dlss-90yv0gc0-m0na10,Kabum,"3.299,90"
"placa de vídeo duex nvidia geforce gtx 750 ti, 4gb, ddr5 - dxgtx750ti4gd5",https://www.kabum.com.br/produto/271544/placa-de-video-duex-nvidia-geforce-gtx-750-ti-4gb-ddr5-dxgtx750ti4gd5,Kabum,"949,90"
"placa de vídeo asus nvidia geforce rog strix rtx 3060 o12g v2 gaming oc edition, 12gb gddr6, dlss, ray tracing - 90yv0gc2-m0na10",https://www.kabum.com.br/produto/193077/placa-de-video-asus-nvidia-geforce-rog-strix-rtx-3060-o12g-v2-gaming-oc-edition-12gb-gddr6-dlss-ray-tracing-90yv0gc2-m0na10,Kabum,"3.399,90"
"placa de vídeo gigabyte nvidia geforce rtx 3080, 10gb, gddr6x - gv-n3080gaming oc-10gd",https://www.kabum.com.br/produto/128077/placa-de-video-gigabyte-nvidia-geforce-rtx-3080-10gb-gddr6x-gv-n3080gaming-oc-10gd,Kabum,"5.999,90"
"placa de vídeo evga nvidia geforce rtx 3050 xc gaming, 8gb gddr6, lhr, dlss, ray tracing - 08g-p5-3553-kr",https://www.kabum.com.br/produto/306130/placa-de-video-evga-nvidia-geforce-rtx-3050-xc-gaming-8gb-gddr6-lhr-dlss-ray-tracing-08g-p5-3553-kr,Kabum,"2.299,90"
"placa de vídeo asus dual nvidia geforce gtx 1650 4gb, gddr5 - dual-gtx1650-4g",https://www.kabum.com.br/produto/102274/placa-de-video-asus-dual-nvidia-geforce-gtx-1650-4gb-gddr5-dual-gtx1650-4g,Kabum,"1.599,90"
"placa de vídeo asus tuf gaming nvidia geforce gtx 1660 ti o6g evo oc, 6gb gddr6, preto - 90yv0ct7-m0na00",https://www.kabum.com.br/produto/270812/placa-de-video-asus-tuf-gaming-nvidia-geforce-gtx-1660-ti-o6g-evo-oc-6gb-gddr6-preto-90yv0ct7-m0na00,Kabum,"1.899,90"
"placa de vídeo msi geforce rtx 3060 ventus 2x 12g oc, 15 gbps, 12gb gddr6, ray tracing",https://www.kabum.com.br/produto/153454/placa-de-video-msi-geforce-rtx-3060-ventus-2x-12g-oc-15-gbps-12gb-gddr6-ray-tracing,Kabum,"2.799,90"
"placa de vídeo galax nvidia geforce rtx 2060 plus 1-click oc, 12gb gddr6, ray tracing - 26nrl7hp68nc",https://www.kabum.com.br/produto/353999/placa-de-video-galax-nvidia-geforce-rtx-2060-plus-1-click-oc-12gb-gddr6-ray-tracing-26nrl7hp68nc,Kabum,"2.219,90"
"placa de vídeo zotac gaming nvidia geforce gtx 1650 amp, 4gb, gddr6 - zt-t16520d-10l",https://www.kabum.com.br/produto/289177/placa-de-video-zotac-gaming-nvidia-geforce-gtx-1650-amp-4gb-gddr6-zt-t16520d-10l,Kabum,"1.549,90"
"placa de vídeo asus dual nvidia geforce rtx 3060 ti 8g mini v2, rgb, 8gb gddr6, lhr, dlss, ray tracing - 90yv0ft3-m0na00",https://www.kabum.com.br/produto/213718/placa-de-video-asus-dual-nvidia-geforce-rtx-3060-ti-8g-mini-v2-rgb-8gb-gddr6-lhr-dlss-ray-tracing-90yv0ft3-m0na00,Kabum,"3.559,90"
"placa de vídeo gainward nvidia geforce rtx 3050 ghost, 8gb, gddr6, dlss, ray tracing- 63050019p1-190ab",https://www.kabum.com.br/produto/312196/placa-de-video-gainward-nvidia-geforce-rtx-3050-ghost-8gb-gddr6-dlss-ray-tracing-63050019p1-190ab,Kabum,"2.299,90"
"placa de vídeo galax geforce rtx 3060 (1-click oc) lhr, 15 gbps, 12gb gddr6, ray tracing, dlss - 36nol7md1voc",https://www.kabum.com.br/produto/150657/placa-de-video-galax-geforce-rtx-3060-1-click-oc-lhr-15-gbps-12gb-gddr6-ray-tracing-dlss-36nol7md1voc,Kabum,"2.999,90"
"placa de vídeo galax nvidia geforce rtx 3070 1-click oc, 8gb gddr6, dlss, lhr, ray tracing, preto - 37nsl6md2kch",https://www.kabum.com.br/produto/229411/placa-de-video-galax-nvidia-geforce-rtx-3070-1-click-oc-8gb-gddr6-dlss-lhr-ray-tracing-preto-37nsl6md2kch,Kabum,"3.979,90"
"placa de vídeo gigabyte geforce rtx 3060 vision oc 12g, 12gb gddr6, rgb fusion, ray tracing, metal back plate - gv-n3060vision oc-12gd",https://www.kabum.com.br/produto/150631/placa-de-video-gigabyte-geforce-rtx-3060-vision-oc-12g-12gb-gddr6-rgb-fusion-ray-tracing-metal-back-plate-gv-n3060vision-oc-12gd,Kabum,"3.299,90"
"placa de vídeo zotac geforce rtx 3080 ti trinity lhr, 19gbps, 12gb gddr6x, com rgb, ray tracing, dlss e icestorm 2.0 - zt-a30810d-10p",https://www.kabum.com.br/produto/164648/placa-de-video-zotac-geforce-rtx-3080-ti-trinity-lhr-19gbps-12gb-gddr6x-com-rgb-ray-tracing-dlss-e-icestorm-2-0-zt-a30810d-10p,Kabum,"7.599,90"
"placa de vídeo power color fighter amd radeon axrx 6600 3dh, 8gb gddr6,  preto - axrx 6600 8gbd6-3dh",https://www.kabum.com.br/produto/250880/placa-de-video-power-color-fighter-amd-radeon-axrx-6600-3dh-8gb-gddr6-preto-axrx-6600-8gbd6-3dh,Kabum,"2.299,90"
"placa de vídeo gigabyte radeon rx 6900 xt, 16 gb, gddr6, rgb fusion - gv-r69xtgaming oc-16gd",https://www.kabum.com.br/produto/136513/placa-de-video-gigabyte-radeon-rx-6900-xt-16-gb-gddr6-rgb-fusion-gv-r69xtgaming-oc-16gd,Kabum,"5.999,90"
"placa de vídeo asus dual rx 6600 8g, 8gb gddr6 - 90yv0gp0-m0na00",https://www.kabum.com.br/produto/234015/placa-de-video-asus-dual-rx-6600-8g-8gb-gddr6-90yv0gp0-m0na00,Kabum,"2.999,90"
"placa de vídeo msi nvidia geforce gtx 1660 super ventus xs oc, 6gb, gddr6",https://www.kabum.com.br/produto/108351/placa-de-video-msi-nvidia-geforce-gtx-1660-super-ventus-xs-oc-6gb-gddr6,Kabum,"1.799,90"
"placa de vídeo asus rog strix rtx 3070 ti o8g gaming lhr, 19 gbps, 8gb gddr6x, ray tracing, dlss, rgb - 90yv0gw0-m0na00",https://www.kabum.com.br/produto/163879/placa-de-video-asus-rog-strix-rtx-3070-ti-o8g-gaming-lhr-19-gbps-8gb-gddr6x-ray-tracing-dlss-rgb-90yv0gw0-m0na00,Kabum,"6.199,90"
"placa de vídeo msi nvidia geforce gt 1030 2gd4 lp oc 2gb, ddr4 - 912-v809-2826",https://www.kabum.com.br/produto/98327/placa-de-video-msi-nvidia-geforce-gt-1030-2gd4-lp-oc-2gb-ddr4-912-v809-2826,Kabum,"649,90"
"placa de vídeo evga geforce rtx 3080 ti xc3 ultra gaming, 12gb gddr6x, argb led, metal backplate, dlss, ray tracing - 12g-p5-3955-kr",https://www.kabum.com.br/produto/163873/placa-de-video-evga-geforce-rtx-3080-ti-xc3-ultra-gaming-12gb-gddr6x-argb-led-metal-backplate-dlss-ray-tracing-12g-p5-3955-kr,Kabum,"8.799,90"
"placa de vídeo asus nvidia geforce ko rtx 3060 oc v2 edition, 12g gddr6, 15gbps, lhr, argb, dlss, ray tracing - 90yv0gc7-m0na10",https://www.kabum.com.br/produto/197913/placa-de-video-asus-nvidia-geforce-ko-rtx-3060-oc-v2-edition-12g-gddr6-15gbps-lhr-argb-dlss-ray-tracing-90yv0gc7-m0na10,Kabum,"3.199,90"
"placa de vídeo asus tuf rtx 3070 ti o8g gaming lhr, 19 gbps, 8gb gddr6x, ray tracing, dlss - 90yv0gy0-m0na00",https://www.kabum.com.br/produto/163875/placa-de-video-asus-tuf-rtx-3070-ti-o8g-gaming-lhr-19-gbps-8gb-gddr6x-ray-tracing-dlss-90yv0gy0-m0na00,Kabum,"5.299,90"
"placa de vídeo asus phoenix amd radeon rx 550, 4gb, gddr5 - ph-rx550-4g-evo",https://www.kabum.com.br/produto/129772/placa-de-video-asus-phoenix-amd-radeon-rx-550-4gb-gddr5-ph-rx550-4g-evo,Kabum,"799,90"
"placa de vídeo zotac nvidia geforce rtx 3070 twin edge, 8gb, gddr6, lhr - zt-a30700e-10plhr",https://www.kabum.com.br/produto/129208/placa-de-video-zotac-nvidia-geforce-rtx-3070-twin-edge-8gb-gddr6-lhr-zt-a30700e-10plhr,Kabum,"3.899,90"
"placa de vídeo xfx speedster qick319 amd radeon rx 6700xt black gaming, 16gbps, 12gb gddr6, amd rdna 2 architecture - rx-67xtypbdp",https://www.kabum.com.br/produto/165713/placa-de-video-xfx-speedster-qick319-amd-radeon-rx-6700xt-black-gaming-16gbps-12gb-gddr6-amd-rdna-2-architecture-rx-67xtypbdp,Kabum,"3.699,90"
"placa de vídeo sapphire pulse amd radeon rx 6400 gaming, 4gb gddr6, hdmi e displayport, low profile - 11315-01-20g",https://www.kabum.com.br/produto/333966/placa-de-video-sapphire-pulse-amd-radeon-rx-6400-gaming-4gb-gddr6-hdmi-e-displayport-low-profile-11315-01-20g,Kabum,"1.299,90"
"placa de vídeo gigabyte nvidia geforce rtx 3060 ti vision oc, 8gb gddr6, rgb, lhr, dlss, ray tracing - gv-n306tvision oc-8gd",https://www.kabum.com.br/produto/320815/placa-de-video-gigabyte-nvidia-geforce-rtx-3060-ti-vision-oc-8gb-gddr6-rgb-lhr-dlss-ray-tracing-gv-n306tvision-oc-8gd,Kabum,"3.699,90"
"placa de vídeo galax nvidia geforce rtx 3050 1-click oc, 8gb gddr6, lhr, dlss, ray tracing - 35nsl8md6zoc",https://www.kabum.com.br/produto/306116/placa-de-video-galax-nvidia-geforce-rtx-3050-1-click-oc-8gb-gddr6-lhr-dlss-ray-tracing-35nsl8md6zoc,Kabum,"2.699,90"
"placa de vídeo gigabyte nvidia geforce rtx 3060 ti gaming (rev. 2.0), rgb, 8g gddr6, dlss, ray tracing - gv-n306tgaming oc-8gd",https://www.kabum.com.br/produto/197135/placa-de-video-gigabyte-nvidia-geforce-rtx-3060-ti-gaming-rev-2-0-rgb-8g-gddr6-dlss-ray-tracing-gv-n306tgaming-oc-8gd,Kabum,"3.599,90"
"placa de vídeo gigabyte aorus amd radeon rx 6900 xt master 16g (rev.2.0), rgb, gddr6 - gv-r69xtaorus m-16gd",https://www.kabum.com.br/produto/285226/placa-de-video-gigabyte-aorus-amd-radeon-rx-6900-xt-master-16g-rev-2-0-rgb-gddr6-gv-r69xtaorus-m-16gd,Kabum,"10.999,90"
"placa de vídeo asus ko nvidia geforce rtx3070 v2 gaming, rgb, 14 gbps, 8gb gddr6, dlss, lhr, ray tracing - ko-rtx3070-08g-v2-gaming",https://www.kabum.com.br/produto/184240/placa-de-video-asus-ko-nvidia-geforce-rtx3070-v2-gaming-rgb-14-gbps-8gb-gddr6-dlss-lhr-ray-tracing-ko-rtx3070-08g-v2-gaming,Kabum,"5.499,90"
"placa de vídeo galax nvidia rtx 3050 (1-click oc v2), 8gb gddr6, lhr, dlss, ray tracing - 35nsl8md5ybp",https://www.kabum.com.br/produto/342979/placa-de-video-galax-nvidia-rtx-3050-1-click-oc-v2-8gb-gddr6-lhr-dlss-ray-tracing-35nsl8md5ybp,Kabum,"1.999,90"
"placa de vídeo gainward nvidia geforce rtx 3050 pegasus, 8gb gddr6, dlss, ray tracing - ne63050019p1-190ae",https://www.kabum.com.br/produto/311411/placa-de-video-gainward-nvidia-geforce-rtx-3050-pegasus-8gb-gddr6-dlss-ray-tracing-ne63050019p1-190ae,Kabum,"2.199,90"
"placa de vídeo asus nvidia dual geforce rtx 2060 evo oc, 6gb, gddr6 - dual-rtx2060-o6g-evo",https://www.kabum.com.br/produto/111968/placa-de-video-asus-nvidia-dual-geforce-rtx-2060-evo-oc-6gb-gddr6-dual-rtx2060-o6g-evo,Kabum,"3.199,90"
"placa de vídeo zotac gaming nvidia geforce gtx 1660 super amp, 6gb, gddr6 - zt-t16620d-10m",https://www.kabum.com.br/produto/114371/placa-de-video-zotac-gaming-nvidia-geforce-gtx-1660-super-amp-6gb-gddr6-zt-t16620d-10m,Kabum,"1.899,90"
"placa de vídeo pcyes nvidia rtx 2060 graffiti series, 6gb gddr6, preto - pa2060rtx6gdf",https://www.kabum.com.br/produto/348098/placa-de-video-pcyes-nvidia-rtx-2060-graffiti-series-6gb-gddr6-preto-pa2060rtx6gdf,Kabum,"2.099,90"
"placa de vídeo gigabyte nvidia geforce rtx 3080 ti gaming, rgb, 12gb gddr6x, 19000mhz, dlss, ray tracing - gv-n308tgaming oc-12gd",https://www.kabum.com.br/produto/197132/placa-de-video-gigabyte-nvidia-geforce-rtx-3080-ti-gaming-rgb-12gb-gddr6x-19000mhz-dlss-ray-tracing-gv-n308tgaming-oc-12gd,Kabum,"8.799,90"
"placa de vídeo pcyes nvidia geforce gt 730, 4gb gddr5, 64 bits - pjgt7304gb64",https://www.kabum.com.br/produto/317941/placa-de-video-pcyes-nvidia-geforce-gt-730-4gb-gddr5-64-bits-pjgt7304gb64,Kabum,"699,90"
"placa de vídeo asus amd radeon rx 6700 xt, 16 gbps, 12gb gddr6 - dual-rx6700xt-12g",https://www.kabum.com.br/produto/150482/placa-de-video-asus-amd-radeon-rx-6700-xt-16-gbps-12gb-gddr6-dual-rx6700xt-12g,Kabum,"4.999,90"
"placa de vídeo msi nvidia geforce rtx 3050 gaming x 8g, 8gb gddr6, rgb, dlss, ray tracing - geforce rtx 3050 gaming x 8g",https://www.kabum.com.br/produto/308479/placa-de-video-msi-nvidia-geforce-rtx-3050-gaming-x-8g-8gb-gddr6-rgb-dlss-ray-tracing-geforce-rtx-3050-gaming-x-8g,Kabum,"2.299,90"
"placa de vídeo zotac nvidia geforce rtx 3090 trinity, 24gb, gddr6x - zt-a30900d-10p",https://www.kabum.com.br/produto/128562/placa-de-video-zotac-nvidia-geforce-rtx-3090-trinity-24gb-gddr6x-zt-a30900d-10p,Kabum,"9.999,90"
"placa de vídeo pny nvidia quadro t1000, 8gb, gddr6, pcie 3.0 - vcnt10008gb-pb",https://www.kabum.com.br/produto/301518/placa-de-video-pny-nvidia-quadro-t1000-8gb-gddr6-pcie-3-0-vcnt10008gb-pb,Kabum,"2.899,90"
"placa de vídeo galax nvidia geforce rtx 2060 super oc, 8gb, ddr6 - 26isl6hp68ld",https://www.kabum.com.br/produto/115587/placa-de-video-galax-nvidia-geforce-rtx-2060-super-oc-8gb-ddr6-26isl6hp68ld,Kabum,"2.699,90"
"placa de vídeo gigabyte nvidia geforce gtx 1650 oc 4g, gddr5 - gv-n1650oc-4gd",https://www.kabum.com.br/produto/101520/placa-de-video-gigabyte-nvidia-geforce-gtx-1650-oc-4g-gddr5-gv-n1650oc-4gd,Kabum,"1.549,90"
"placa de vídeo msi nvidia geforce rtx 3060 ti ventus 2x 8g, 14gbps, gddr6, ocv1, lhr, dlss, ray tracing - 912-v397-233",https://www.kabum.com.br/produto/188271/placa-de-video-msi-nvidia-geforce-rtx-3060-ti-ventus-2x-8g-14gbps-gddr6-ocv1-lhr-dlss-ray-tracing-912-v397-233,Kabum,"3.399,90"
"placa de vídeo msi nvidia geforce rtx 3060 ti ventus oc v1, 8gb gddr6, lhr, dlss, ray tracing - 912-v397-232",https://www.kabum.com.br/produto/354057/placa-de-video-msi-nvidia-geforce-rtx-3060-ti-ventus-oc-v1-8gb-gddr6-lhr-dlss-ray-tracing-912-v397-232,Kabum,"3.899,90"
"placa de vídeo galax nvidia geforce rtx 3060 ti 1-click oc, 8gb, gddr6, lhr, dlss, ray tracing, preto - 36isl6md1vqw",https://www.kabum.com.br/produto/191789/placa-de-video-galax-nvidia-geforce-rtx-3060-ti-1-click-oc-8gb-gddr6-lhr-dlss-ray-tracing-preto-36isl6md1vqw,Kabum,"3.799,90"
"placa de vídeo pny nvidia quadro rtx a2000, 12gb gddr6, ray tracing - vcnrtxa200012gb-pb",https://www.kabum.com.br/produto/304858/placa-de-video-pny-nvidia-quadro-rtx-a2000-12gb-gddr6-ray-tracing-vcnrtxa200012gb-pb,Kabum,"4.699,90"
"placa de vídeo gigabyte nvidia geforce rtx 3080 ti vision oc 12g lhr, 12 gb gddr6x, rgb fusion 2.0, ray tracing, dlss - gv-n308tvision oc-12gd",https://www.kabum.com.br/produto/169103/placa-de-video-gigabyte-nvidia-geforce-rtx-3080-ti-vision-oc-12g-lhr-12-gb-gddr6x-rgb-fusion-2-0-ray-tracing-dlss-gv-n308tvision-oc-12gd,Kabum,"8.799,90"
"placa de vídeo galax nvidia geforce rtx 3050 ex, rgb, 8gb gddr6, lhr, dlss, ray tracing - 35nsl8md6yex",https://www.kabum.com.br/produto/306115/placa-de-video-galax-nvidia-geforce-rtx-3050-ex-rgb-8gb-gddr6-lhr-dlss-ray-tracing-35nsl8md6yex,Kabum,"2.299,90"
"placa de vídeo asus tuf nvidia geforce rtx 3070 v2 oc edition lhr, 14 gbps, 8gb gddr6, ray tracing, dlss - tuf-rtx3070-o8g-v2-gaming",https://www.kabum.com.br/produto/168528/placa-de-video-asus-tuf-nvidia-geforce-rtx-3070-v2-oc-edition-lhr-14-gbps-8gb-gddr6-ray-tracing-dlss-tuf-rtx3070-o8g-v2-gaming,Kabum,"4.399,90"
"placa de vídeo asus dual nvidia geforce gtx 1650 oc, 4gb gddr5, preto - 90yv0cv2-m0na00",https://www.kabum.com.br/produto/270813/placa-de-video-asus-dual-nvidia-geforce-gtx-1650-oc-4gb-gddr5-preto-90yv0cv2-m0na00,Kabum,"1.449,90"
"placa de vídeo gigabyte aorus nvidia geforce rtx 3060 elite, rgb, 12g, lhr, gddr6, dlss, ray tracing - gv-n3060aorus e-12gd (rev 2.0)",https://www.kabum.com.br/produto/167208/placa-de-video-gigabyte-aorus-nvidia-geforce-rtx-3060-elite-rgb-12g-lhr-gddr6-dlss-ray-tracing-gv-n3060aorus-e-12gd-rev-2-0-,Kabum,"3.499,90"
"placa de vídeo evga geforce rtx 3080 ti ftw3 ultra gaming lhr, 12gb gddr6x, argb led, metal backplate, dlss, ray tracing - 12g-p5-3967-kr",https://www.kabum.com.br/produto/163874/placa-de-video-evga-geforce-rtx-3080-ti-ftw3-ultra-gaming-lhr-12gb-gddr6x-argb-led-metal-backplate-dlss-ray-tracing-12g-p5-3967-kr,Kabum,"8.699,90"
"placa de vídeo evga geforce rtx 3060 xc gaming, 12gb gddr6, dualfan, metal backplate, dlss, ray tracing - 12g-p5-3657-kr",https://www.kabum.com.br/produto/149999/placa-de-video-evga-geforce-rtx-3060-xc-gaming-12gb-gddr6-dualfan-metal-backplate-dlss-ray-tracing-12g-p5-3657-kr,Kabum,"2.949,90"
"placa de vídeo msi nvidia geforce rtx 3050 ventus 2x 8g oc, 8gb gddr6, dlss, ray tracing - geforce rtx 3050 ventus 2x 8g oc",https://www.kabum.com.br/produto/308480/placa-de-video-msi-nvidia-geforce-rtx-3050-ventus-2x-8g-oc-8gb-gddr6-dlss-ray-tracing-geforce-rtx-3050-ventus-2x-8g-oc,Kabum,"2.249,90"
"placa de vídeo gigabyte nvidia geforce rtx 3070 ti vision oc, 8gb gddr6x, rgb, dlss, ray tracing - gv-n307tvision oc-8gd",https://www.kabum.com.br/produto/320821/placa-de-video-gigabyte-nvidia-geforce-rtx-3070-ti-vision-oc-8gb-gddr6x-rgb-dlss-ray-tracing-gv-n307tvision-oc-8gd,Kabum,"4.799,90"
"placa de vídeo asus dual nvidia geforce rtx 3060 ti o8g mini v2 oc, rgb, 8gb gddr6, lhr, dlss, ray tracing - 90yv0ft2-m0na00",https://www.kabum.com.br/produto/212530/placa-de-video-asus-dual-nvidia-geforce-rtx-3060-ti-o8g-mini-v2-oc-rgb-8gb-gddr6-lhr-dlss-ray-tracing-90yv0ft2-m0na00,Kabum,"3.659,90"
"placa de vídeo asus nvidia geforce dual rtx 3060 ti o8g v2, rgb, 8gb gddr6, dlss, lhr, ray tracing",https://www.kabum.com.br/produto/184275/placa-de-video-asus-nvidia-geforce-dual-rtx-3060-ti-o8g-v2-rgb-8gb-gddr6-dlss-lhr-ray-tracing,Kabum,"3.999,90"
"placa de vídeo asus tuf gaming nvidia geforce rtx 3080 oc edition, 12gb gddr6x, lhr, dlss, rgb, ray tracing - 90yv0fb8-m0na00",https://www.kabum.com.br/produto/308339/placa-de-video-asus-tuf-gaming-nvidia-geforce-rtx-3080-oc-edition-12gb-gddr6x-lhr-dlss-rgb-ray-tracing-90yv0fb8-m0na00,Kabum,"7.899,90"
"placa de vídeo gigabyte nvidia geforce rtx 3090 turbo 24g, 24gb gddr6x, dlss, ray tracing - gv-n3090turbo-24gd",https://www.kabum.com.br/produto/232735/placa-de-video-gigabyte-nvidia-geforce-rtx-3090-turbo-24g-24gb-gddr6x-dlss-ray-tracing-gv-n3090turbo-24gd,Kabum,"10.999,90"
"placa de vídeo zotac gaming nvidia geforce rtx 3050 twin edge oc, 8gb gddr6, lhr, dlss, ray tracing - zt-a30500h-10m",https://www.kabum.com.br/produto/341437/placa-de-video-zotac-gaming-nvidia-geforce-rtx-3050-twin-edge-oc-8gb-gddr6-lhr-dlss-ray-tracing-zt-a30500h-10m,Kabum,"2.199,90"
"placa de vídeo pcyes gt 740, 4gb, gddr5 - pa740gt12804d5fz",https://www.kabum.com.br/produto/135707/placa-de-video-pcyes-gt-740-4gb-gddr5-pa740gt12804d5fz,Kabum,"699,90"
"placa de vídeo galax nvidia geforce rtx 3080 sg, 12gb gddr6x, lhr, dlss, rgb, ray tracing - 38nom5md99ss",https://www.kabum.com.br/produto/302300/placa-de-video-galax-nvidia-geforce-rtx-3080-sg-12gb-gddr6x-lhr-dlss-rgb-ray-tracing-38nom5md99ss,Kabum,"6.999,90"
"placa de vídeo gainward rtx3060ti 8gb ghost gddr6, 256 bits - ne6306t019p2-190ab",https://www.kabum.com.br/produto/133187/placa-de-video-gainward-rtx3060ti-8gb-ghost-gddr6-256-bits-ne6306t019p2-190ab,Kabum,"3.499,90"
"placa de vídeo msi nvidia geforce rtx 3060 ti gaming x, 8g, 14gbps, gddr6, rgb, lhr, dlss, ray tracing - 912-v397-234",https://www.kabum.com.br/produto/188270/placa-de-video-msi-nvidia-geforce-rtx-3060-ti-gaming-x-8g-14gbps-gddr6-rgb-lhr-dlss-ray-tracing-912-v397-234,Kabum,"3.899,90"
"placa de vídeo pcyes amd r5 220, 1gb ddr3, 64 bits, low profile - pj220r364",https://www.kabum.com.br/produto/317935/placa-de-video-pcyes-amd-r5-220-1gb-ddr3-64-bits-low-profile-pj220r364,Kabum,"269,90"
"placa de vídeo power color fighter amd radeon rx 6600 xt, 8gb gddr6, ray tracing, preta - axrx 6600xt 8gbd6-3dh",https://www.kabum.com.br/produto/233372/placa-de-video-power-color-fighter-amd-radeon-rx-6600-xt-8gb-gddr6-ray-tracing-preta-axrx-6600xt-8gbd6-3dh,Kabum,"3.499,90"
"placa de vídeo gigabyte radeon rx 6800 xt, 16 gb, gddr6, rgb fusion, pci express 4.0 - gv-r68xtgaming oc-16gd",https://www.kabum.com.br/produto/136529/placa-de-video-gigabyte-radeon-rx-6800-xt-16-gb-gddr6-rgb-fusion-pci-express-4-0-gv-r68xtgaming-oc-16gd,Kabum,"5.899,90"
"placa de vídeo asus nvidia rog strix geforce rtx 3090 o24g gaming, rgb, 24 gb gddr6x, dlss, ray tracing - 90yv0f93-m0na00",https://www.kabum.com.br/produto/305055/placa-de-video-asus-nvidia-rog-strix-geforce-rtx-3090-o24g-gaming-rgb-24-gb-gddr6x-dlss-ray-tracing-90yv0f93-m0na00,Kabum,"14.999,90"
"placa de vídeo sapphire amd radeon rx 6900 xt oem, 18gbps, 16gb gddr6, amd rdna 2 - 21308-02-10g",https://www.kabum.com.br/produto/162935/placa-de-video-sapphire-amd-radeon-rx-6900-xt-oem-18gbps-16gb-gddr6-amd-rdna-2-21308-02-10g,Kabum,"6.999,90"
"placa de vídeo asus nvidia geforce gtx 1650, 12 gbps, 4gb, gddr6 - tuf-gtx1650-4gd6-gaming",https://www.kabum.com.br/produto/135256/placa-de-video-asus-nvidia-geforce-gtx-1650-12-gbps-4gb-gddr6-tuf-gtx1650-4gd6-gaming,Kabum,"1.599,90"
"placa de vídeo msi nvidia geforce rtx 2060 ventus gp oc, 6gb gddr6, ray tracing - geforce rtx 2060 ventus gp oc",https://www.kabum.com.br/produto/357660/placa-de-video-msi-nvidia-geforce-rtx-2060-ventus-gp-oc-6gb-gddr6-ray-tracing-geforce-rtx-2060-ventus-gp-oc,Kabum,"1.999,90"
"placa de vídeo amd radeon pro w6600, 8gb, gddr6, pcie 4.0, vr ready - 100-506208",https://www.kabum.com.br/produto/301517/placa-de-video-amd-radeon-pro-w6600-8gb-gddr6-pcie-4-0-vr-ready-100-506208,Kabum,"4.899,90"
"placa de vídeo evga nvidia geforce rtx 3060 ti ftw3 ultra gaming, argb led, 8gb gddr6, dlss, lhr, ray tracing - 08g-p5-3667-kl",https://www.kabum.com.br/produto/231829/placa-de-video-evga-nvidia-geforce-rtx-3060-ti-ftw3-ultra-gaming-argb-led-8gb-gddr6-dlss-lhr-ray-tracing-08g-p5-3667-kl,Kabum,"3.999,90"
"placa de vídeo gigabyte nvidia geforce rtx 3050 eagle oc, 8gb gddr6, lhr, dlss, ray tracing - gv-n3050eagle oc-8gd",https://www.kabum.com.br/produto/320814/placa-de-video-gigabyte-nvidia-geforce-rtx-3050-eagle-oc-8gb-gddr6-lhr-dlss-ray-tracing-gv-n3050eagle-oc-8gd,Kabum,"2.299,90"
"placa de vídeo galax nvidia geforce gtx 1660 super (1-click oc), 6gb, gddr6 - 60srl7dsy91s",https://www.kabum.com.br/produto/106897/placa-de-video-galax-nvidia-geforce-gtx-1660-super-1-click-oc-6gb-gddr6-60srl7dsy91s,Kabum,"1.799,90"
"placa de vídeo asus amd radeon rx 6700 xt, 16 gbps, 12gb gddr6 - rog-strix-rx6700xt-o12g-gaming",https://www.kabum.com.br/produto/150481/placa-de-video-asus-amd-radeon-rx-6700-xt-16-gbps-12gb-gddr6-rog-strix-rx6700xt-o12g-gaming,Kabum,"6.299,90"
"placa de vídeo zotac gaming geforce rtx 3060 twin edge - 15 gbps, 12gb, gddr6, ray tracing - zt-a30600e-10m",https://www.kabum.com.br/produto/148656/placa-de-video-zotac-gaming-geforce-rtx-3060-twin-edge-15-gbps-12gb-gddr6-ray-tracing-zt-a30600e-10m,Kabum,"3.199,90"
"placa de vídeo gigabyte nvidia geforce rtx 2060 d6 6g, gddr6 - gv-n2060d6-6gd",https://www.kabum.com.br/produto/115571/placa-de-video-gigabyte-nvidia-geforce-rtx-2060-d6-6g-gddr6-gv-n2060d6-6gd,Kabum,"2.099,90"
"placa de vídeo zotac gaming nvidia geforce rtx 2060, 6gb, gddr6 - zt-t20600h-10m",https://www.kabum.com.br/produto/110397/placa-de-video-zotac-gaming-nvidia-geforce-rtx-2060-6gb-gddr6-zt-t20600h-10m,Kabum,"1.969,90"
"placa de vídeo zotac nvidia geforce rtx 3070 ti trinity lhr, 19 gbps, 8gb gddr6x, ray tracing, dlss, rgb - zt-a30710d-10p",https://www.kabum.com.br/produto/166105/placa-de-video-zotac-nvidia-geforce-rtx-3070-ti-trinity-lhr-19-gbps-8gb-gddr6x-ray-tracing-dlss-rgb-zt-a30710d-10p,Kabum,"4.199,90"
"placa de vídeo zotac nvidia geforce rtx 3060 ti twin edge lhr, 8gb, 14.0 gbps, gddr6, dlss, ray tracing - zt-a30610e-10mlhr",https://www.kabum.com.br/produto/166104/placa-de-video-zotac-nvidia-geforce-rtx-3060-ti-twin-edge-lhr-8gb-14-0-gbps-gddr6-dlss-ray-tracing-zt-a30610e-10mlhr,Kabum,"3.599,90"
"placa de vídeo asus nvidia geforce rtx 3050 oc, 8gb, gddr6, ray tracing -  90yv0hh0-m0na00",https://www.kabum.com.br/produto/298405/placa-de-video-asus-nvidia-geforce-rtx-3050-oc-8gb-gddr6-ray-tracing-90yv0hh0-m0na00,Kabum,"2.399,90"
"placa de vídeo gigabyte nvidia geforce rtx 3090 gaming oc 24g, gddr6x - gv-n3090gaming oc-24gd",https://www.kabum.com.br/produto/128199/placa-de-video-gigabyte-nvidia-geforce-rtx-3090-gaming-oc-24g-gddr6x-gv-n3090gaming-oc-24gd,Kabum,"16.299,90"
"placa de vídeo gigabyte aorus rtx 3090 gaming box, 24gb gddr6x, rgb fusion e waterforce - gv-n3090ixeb-24gd",https://www.kabum.com.br/produto/155429/placa-de-video-gigabyte-aorus-rtx-3090-gaming-box-24gb-gddr6x-rgb-fusion-e-waterforce-gv-n3090ixeb-24gd,Kabum,"16.499,90"
"placa de vídeo asus tuf rtx 3080ti o12g gaming, 19 gbps, 12gb gddr6x, ray tracing, dlss - 90yv0gu1-m0nm00 90yv0gu1-m0na00",https://www.kabum.com.br/produto/161800/placa-de-video-asus-tuf-rtx-3080ti-o12g-gaming-19-gbps-12gb-gddr6x-ray-tracing-dlss-90yv0gu1-m0nm00-90yv0gu1-m0na00,Kabum,"9.199,90"
"placa de vídeo galax nvidia geforce rtx 3070 ti 1-click oc, 8 gb gddr6, lhr, dlss, ray tracing - 84733043",https://www.kabum.com.br/produto/273174/placa-de-video-galax-nvidia-geforce-rtx-3070-ti-1-click-oc-8-gb-gddr6-lhr-dlss-ray-tracing-84733043,Kabum,"4.799,90"
"placa de vídeo asrock amd radeon rx 6600 xt challenger d 8g oc, 8gb gddr6, arquitetura rdna, ray tracing - rx6600xt cld 8go",https://www.kabum.com.br/produto/231816/placa-de-video-asrock-amd-radeon-rx-6600-xt-challenger-d-8g-oc-8gb-gddr6-arquitetura-rdna-ray-tracing-rx6600xt-cld-8go,Kabum,"3.699,90"
"placa de vídeo msi nvidia geforce gtx 1650 d6 ventus ocv1, 4gb gddr6 - 912-v809-4057",https://www.kabum.com.br/produto/349582/placa-de-video-msi-nvidia-geforce-gtx-1650-d6-ventus-ocv1-4gb-gddr6-912-v809-4057,Kabum,"1.599,90"
"placa de vídeo asus rog strix rx6750xt o12g gaming, 12gb, gddr6 - 90yv0hk1-m0na00",https://www.kabum.com.br/produto/326769/placa-de-video-asus-rog-strix-rx6750xt-o12g-gaming-12gb-gddr6-90yv0hk1-m0na00,Kabum,"6.199,90"
"placa de vídeo gigabyte nvidia geforce rtx 3080 gaming oc, 12gb gddr6x, rgb, lhr, dlss, ray tracing - gv-n3080gaming oc-12gd",https://www.kabum.com.br/produto/320817/placa-de-video-gigabyte-nvidia-geforce-rtx-3080-gaming-oc-12gb-gddr6x-rgb-lhr-dlss-ray-tracing-gv-n3080gaming-oc-12gd,Kabum,"7.999,90"
"placa de vídeo gigabyte radeon rx 6800 gaming oc 16g, 16gb, gddr6, rgb fusion - gv-r68gaming oc-16gd",https://www.kabum.com.br/produto/147645/placa-de-video-gigabyte-radeon-rx-6800-gaming-oc-16g-16gb-gddr6-rgb-fusion-gv-r68gaming-oc-16gd,Kabum,"4.799,90"
"placa de vídeo gainward nvidia geforce rtx3070 phoenix, 8gb, gddr6 - ne63070019p2-1041x",https://www.kabum.com.br/produto/130435/placa-de-video-gainward-nvidia-geforce-rtx3070-phoenix-8gb-gddr6-ne63070019p2-1041x,Kabum,"4.099,90"
"placa de vídeo power color, rx 550 radeon, 4gb, ddr5 - axrx 550 4gbd5-dh",https://www.kabum.com.br/produto/161673/placa-de-video-power-color-rx-550-radeon-4gb-ddr5-axrx-550-4gbd5-dh,Kabum,"994,65"
"placa de video asus, geforce, gtx 1050 ti dual oc cerberus, 4gb, gddr5, 128bit, cerberus-gtx1050ti-o4g",https://www.kabum.com.br/produto/117389/placa-de-video-asus-geforce-gtx-1050-ti-dual-oc-cerberus-4gb-gddr5-128bit-cerberus-gtx1050ti-o4g,Kabum,"1.879,89"
"placa de vídeo, gainward, geforce rtx 3080 phantom, 10gb",https://www.kabum.com.br/produto/328532/placa-de-video-gainward-geforce-rtx-3080-phantom-10gb,Kabum,"14.590,00"
placa de video pny 4gb gddr6 128 bits nvidia quadro t1000 - vcnt1000-pb,https://www.kabum.com.br/produto/321536/placa-de-video-pny-4gb-gddr6-128-bits-nvidia-quadro-t1000-vcnt1000-pb,Kabum,"3.299,00"
"placa de video gigabyte geforce rtx 3070 ti gaming  8gb gddr6x,dlss, ray tracing 2x hdmi/2x displayport",https://www.kabum.com.br/produto/353013/placa-de-video-gigabyte-geforce-rtx-3070-ti-gaming-8gb-gddr6x-dlss-ray-tracing-2x-hdmi-2x-displayport,Kabum,"5.784,55"
"placa de video afox radeon rx550 4gb, gddr5 - afrx550-4096d5h5-v2",https://www.kabum.com.br/produto/288687/placa-de-video-afox-radeon-rx550-4gb-gddr5-afrx550-4096d5h5-v2,Kabum,"1.104,92"
placa de video colorful igame geforce rtx 3070 ti ultra w oc -v 8gb gddr6x 256bit,https://www.kabum.com.br/produto/355231/placa-de-video-colorful-igame-geforce-rtx-3070-ti-ultra-w-oc-v-8gb-gddr6x-256bit,Kabum,"5.524,15"
placa de video colorful igame geforce rtx 3070 ultra w oc lhr-v 8gb gddr6 256bit,https://www.kabum.com.br/produto/355234/placa-de-video-colorful-igame-geforce-rtx-3070-ultra-w-oc-lhr-v-8gb-gddr6-256bit,Kabum,"4.674,15"
placa de video colorful igame geforce gtx 1660 ti nb 6gb v2-v gddr6 192bit,https://www.kabum.com.br/produto/355232/placa-de-video-colorful-igame-geforce-gtx-1660-ti-nb-6gb-v2-v-gddr6-192bit,Kabum,"2.294,15"
placa de video colorful igame geforce rtx 3060 ti advanced oc lhr-v 8gb gddr6 256bit,https://www.kabum.com.br/produto/355230/placa-de-video-colorful-igame-geforce-rtx-3060-ti-advanced-oc-lhr-v-8gb-gddr6-256bit,Kabum,"4.249,15"
placa de video colorful igame geforce rtx 3080 vulcan oc lhr-v 10gb gddr6x 320bit,https://www.kabum.com.br/produto/355235/placa-de-video-colorful-igame-geforce-rtx-3080-vulcan-oc-lhr-v-10gb-gddr6x-320bit,Kabum,"6.204,15"
placa de vídeo colorful geforce rtx 2060 nb 8gb gddr6 256bit,https://www.kabum.com.br/produto/358359/placa-de-video-colorful-geforce-rtx-2060-nb-8gb-gddr6-256bit,Kabum,"3.399,15"
placa de video colorful igame geforce rtx 3060 ultra w oc lhr-v 12gb gddr6 192bit,https://www.kabum.com.br/produto/355223/placa-de-video-colorful-igame-geforce-rtx-3060-ultra-w-oc-lhr-v-12gb-gddr6-192bit,Kabum,"3.399,15"
"placa de vídeo zotac nvidia geforce rtx 3070 ti trinity oc, 8gb, gddr6x, 256 bits, rgb, icestorm 2.0, hdmi e displayport - zt-a30710j-10p",https://www.kabum.com.br/produto/363993/placa-de-video-zotac-nvidia-geforce-rtx-3070-ti-trinity-oc-8gb-gddr6x-256-bits-rgb-icestorm-2-0-hdmi-e-displayport-zt-a30710j-10p,Kabum,"6.799,89"
"placa de vídeo zotac nvidia geforce rtx 3050 twin edge oc, 8gb, gddr6, 192 bits, icestorm 2.0, hdmi e displayport - zt-a30500h-10m",https://www.kabum.com.br/produto/363992/placa-de-video-zotac-nvidia-geforce-rtx-3050-twin-edge-oc-8gb-gddr6-192-bits-icestorm-2-0-hdmi-e-displayport-zt-a30500h-10m,Kabum,"3.999,89"
"placa de vídeo zotac nvidia geforce rtx 3080 ti trinity oc, 12gb, gddr6x, 384 bits, icestorm 2.0, rgb, hdmi e displayport - zt-a30810j-10p",https://www.kabum.com.br/produto/363994/placa-de-video-zotac-nvidia-geforce-rtx-3080-ti-trinity-oc-12gb-gddr6x-384-bits-icestorm-2-0-rgb-hdmi-e-displayport-zt-a30810j-10p,Kabum,"11.699,89"
"placa de vídeo zotac nvidia geforce rtx 3060 ti twin edge oc, 8gb, gddr6, 256 bits, lhr, icestorm 2.0, hdmi e displayport - zt-a30610h-10mlhr",https://www.kabum.com.br/produto/364007/placa-de-video-zotac-nvidia-geforce-rtx-3060-ti-twin-edge-oc-8gb-gddr6-256-bits-lhr-icestorm-2-0-hdmi-e-displayport-zt-a30610h-10mlhr,Kabum,"5.599,89"
placa de video colorful igame geforce rtx 3060 nb duo lhr-v 12gb gddr6 192bit,https://www.kabum.com.br/produto/358358/placa-de-video-colorful-igame-geforce-rtx-3060-nb-duo-lhr-v-12gb-gddr6-192bit,Kabum,"2.974,15"
placa de video colorful igame geforce rtx 3060 bilibili e-sports edition oc lhr-v 12gb gddr6 192bit,https://www.kabum.com.br/produto/355239/placa-de-video-colorful-igame-geforce-rtx-3060-bilibili-e-sports-edition-oc-lhr-v-12gb-gddr6-192bit,Kabum,"3.399,15"
placa de video afox geforce gtx1050ti 4gb gddr5 128 bits - af1050ti-4096d5h7-v4,https://www.kabum.com.br/produto/287978/placa-de-video-afox-geforce-gtx1050ti-4gb-gddr5-128-bits-af1050ti-4096d5h7-v4,Kabum,"2.655,09"
placa de video rtx3060 msi ventus 3x oc 12g gddr6 192b 3x dp,https://www.kabum.com.br/produto/356655/placa-de-video-rtx3060-msi-ventus-3x-oc-12g-gddr6-192b-3x-dp,Kabum,"3.814,61"
placa de video pny 4gb nvidia quadro t600 gddr6 128 bits (4x mdp) vcnt600-porpb,https://www.kabum.com.br/produto/350933/placa-de-video-pny-4gb-nvidia-quadro-t600-gddr6-128-bits-4x-mdp-vcnt600-porpb,Kabum,"2.049,00"
placa de vídeo msi gtx 1050 ti gaming x 4g gddr5 128bit preto e vermelho,https://www.kabum.com.br/produto/358052/placa-de-video-msi-gtx-1050-ti-gaming-x-4g-gddr5-128bit-preto-e-vermelho,Kabum,"1.664,99"
"placa de video asus tuf 3 nvidia geforce gtx 1660 6gb, super gaming - 3-gtx1660s-6g-gaming",https://www.kabum.com.br/produto/325704/placa-de-video-asus-tuf-3-nvidia-geforce-gtx-1660-6gb-super-gaming-3-gtx1660s-6g-gaming,Kabum,"3.674,73"
"placa de vídeo asus nvidia geforce rog strix rtx 3070 ti oc edition, 8gb, gddr6x, 256 bits, lhr, hdmi/dp - rog-strix-rtx3070ti-o8g-gaming",https://www.kabum.com.br/produto/357551/placa-de-video-asus-nvidia-geforce-rog-strix-rtx-3070-ti-oc-edition-8gb-gddr6x-256-bits-lhr-hdmi-dp-rog-strix-rtx3070ti-o8g-gaming,Kabum,"7.499,89"
"placa de vídeo, evga, nvidia geforce rtx 3080ti xc3 ultra gaming 12gb, 384bit, gddr6x, 12g-p5-3955-kr",https://www.kabum.com.br/produto/333927/placa-de-video-evga-nvidia-geforce-rtx-3080ti-xc3-ultra-gaming-12gb-384bit-gddr6x-12g-p5-3955-kr,Kabum,"11.869,25"
"placa de vídeo gainward geforce rtx 3050 ghost, 8gb, gddr6, dlss, ray tracing - ne63050019p1-190ab",https://www.kabum.com.br/produto/309793/placa-de-video-gainward-geforce-rtx-3050-ghost-8gb-gddr6-dlss-ray-tracing-ne63050019p1-190ab,Kabum,"5.199,00"
"placa de video, evga nvidia geforce rtx 3090 ixc3 ultra gaming 24gb, 384bit, gddr6x - 24g-p5-3987-kr",https://www.kabum.com.br/produto/333544/placa-de-video-evga-nvidia-geforce-rtx-3090-ixc3-ultra-gaming-24gb-384bit-gddr6x-24g-p5-3987-kr,Kabum,"16.149,05"
"placa de video gtx1660ti 6gb, ghost gddr6 192b gainward lhr",https://www.kabum.com.br/produto/297532/placa-de-video-gtx1660ti-6gb-ghost-gddr6-192b-gainward-lhr,Kabum,"2.549,15"
placa de video colorful igame geforce rtx 3080 advanced oc lhr-v 10gb gddr6x 320bit,https://www.kabum.com.br/produto/355237/placa-de-video-colorful-igame-geforce-rtx-3080-advanced-oc-lhr-v-10gb-gddr6x-320bit,Kabum,"6.799,15"
placa de video colorful series geforce rtx 3060 ti nb duo lhr-v2 8gb gddr6 256bit,https://www.kabum.com.br/produto/355222/placa-de-video-colorful-series-geforce-rtx-3060-ti-nb-duo-lhr-v2-8gb-gddr6-256bit,Kabum,"4.419,15"
placa de video colorful igame geforce rtx 3070 bilibili e-sports edition oc lhr-v 8gb gddr6 256bit,https://www.kabum.com.br/produto/355220/placa-de-video-colorful-igame-geforce-rtx-3070-bilibili-e-sports-edition-oc-lhr-v-8gb-gddr6-256bit,Kabum,"4.844,15"
placa de video colorful geforce rtx 2060 nb v2-v 6gb gddr6 192bit,https://www.kabum.com.br/produto/355244/placa-de-video-colorful-geforce-rtx-2060-nb-v2-v-6gb-gddr6-192bit,Kabum,"2.800,75"
placa de vídeo msi geforce rtx 3070 ventus 2x oc dual 8gb lhr gddr6 256bit 912-v390-280,https://www.kabum.com.br/produto/364001/placa-de-video-msi-geforce-rtx-3070-ventus-2x-oc-dual-8gb-lhr-gddr6-256bit-912-v390-280,Kabum,"4.739,76"
"placa de vídeo zotac nvidia geforce rtx 3090 ti amp extreme holo, 24gb, gddr6x, 384 bits, icestorm 2.0, rgb, hdmi e displayport - zt-a30910b-10p",https://www.kabum.com.br/produto/363995/placa-de-video-zotac-nvidia-geforce-rtx-3090-ti-amp-extreme-holo-24gb-gddr6x-384-bits-icestorm-2-0-rgb-hdmi-e-displayport-zt-a30910b-10p,Kabum,"17.499,89"
placa de video colorful igame geforce rtx 3080 ultra oc lhr-v 10gb gddr6x 320bit,https://www.kabum.com.br/produto/355221/placa-de-video-colorful-igame-geforce-rtx-3080-ultra-oc-lhr-v-10gb-gddr6x-320bit,Kabum,"5.949,15"
"placa de video xfx 16gb, amd rx6800, gddr6 speedster, swft319 - rx68xlaqfd9*",https://www.kabum.com.br/produto/244579/placa-de-video-xfx-16gb-amd-rx6800-gddr6-speedster-swft319-rx68xlaqfd9-,Kabum,"9.999,00"
placa de video pny 8gb gddr6 128 bits nv quadro t1000 vcnt10008gb-pb,https://www.kabum.com.br/produto/348205/placa-de-video-pny-8gb-gddr6-128-bits-nv-quadro-t1000-vcnt10008gb-pb,Kabum,"3.899,00"
placa de video gtx 750ti afox 4gb - gddr5,https://www.kabum.com.br/produto/297519/placa-de-video-gtx-750ti-afox-4gb-gddr5,Kabum,"1.208,73"
placa de vídeo gigabyte nvidia geforce rtx 3050 eagle 8gb gddr6 dlss ray tracing gv-n3050eagle-8gd,https://www.kabum.com.br/produto/365623/placa-de-video-gigabyte-nvidia-geforce-rtx-3050-eagle-8gb-gddr6-dlss-ray-tracing-gv-n3050eagle-8gd,Kabum,"2.717,53"
"placa de vídeo, palit, rtx 3070, 8 gb, gamingpro lhr gddr6 - ne63070019p2-1041a-v1",https://www.kabum.com.br/produto/323673/placa-de-video-palit-rtx-3070-8-gb-gamingpro-lhr-gddr6-ne63070019p2-1041a-v1,Kabum,"4.894,20"
placa de video gigabyte geforce rtx 2060 12gb gv-n2060d6-12gd (gpu rtx 12gb gddr6) - 0092103-01,https://www.kabum.com.br/produto/358360/placa-de-video-gigabyte-geforce-rtx-2060-12gb-gv-n2060d6-12gd-gpu-rtx-12gb-gddr6-0092103-01,Kabum,"2.899,90"
"placa de vídeo, gigabyte, nvidia geforce gtx1660ti oc 6g, gddr6",https://www.kabum.com.br/produto/333980/placa-de-video-gigabyte-nvidia-geforce-gtx1660ti-oc-6g-gddr6,Kabum,"3.149,00"
placa de video galax geforce rtx 3090 ti ex gamer 24gb - gddr6x - 384 bits  - 39ixm5md6hex,https://www.kabum.com.br/produto/359038/placa-de-video-galax-geforce-rtx-3090-ti-ex-gamer-24gb-gddr6x-384-bits-39ixm5md6hex,Kabum,"20.990,00"
placa de video colorful series geforce rtx 3080 ti nb-v 12gb gddr6 384bit,https://www.kabum.com.br/produto/358357/placa-de-video-colorful-series-geforce-rtx-3080-ti-nb-v-12gb-gddr6-384bit,Kabum,"9.349,15"
placa de video colorful igame geforce rtx 3080 ti advanced oc-v 12gb gddr6x 384bit,https://www.kabum.com.br/produto/355242/placa-de-video-colorful-igame-geforce-rtx-3080-ti-advanced-oc-v-12gb-gddr6x-384bit,Kabum,"9.561,65"
placa de video colorful igame geforce rtx 3080 ti vulcan oc-v 12gb gddr6x 384bit,https://www.kabum.com.br/produto/355236/placa-de-video-colorful-igame-geforce-rtx-3080-ti-vulcan-oc-v-12gb-gddr6x-384bit,Kabum,"11.049,15"
placa de video colorful geforce rtx 3070 ti nb 8gb gddr6x 256bit,https://www.kabum.com.br/produto/355247/placa-de-video-colorful-geforce-rtx-3070-ti-nb-8gb-gddr6x-256bit,Kabum,"5.099,15"
"placa de vídeo duex geforce gt730 4gb, ddr3, 64 bits, low profile, hdmi/dvi/vga - dx gt730lp-4gd3",https://www.kabum.com.br/produto/355219/placa-de-video-duex-geforce-gt730-4gb-ddr3-64-bits-low-profile-hdmi-dvi-vga-dx-gt730lp-4gd3,Kabum,"567,14"
"placa de vídeo pcyes amd radeon rx 550, 4gb, gddr5, grafiti series - pajrx550dr5df",https://www.kabum.com.br/produto/302813/placa-de-video-pcyes-amd-radeon-rx-550-4gb-gddr5-grafiti-series-pajrx550dr5df,Kabum,"1.110,98"
placa de video colorful igame geforce rtx 3080 neptune oc lhr-v 10gb gddr6x 320bit,https://www.kabum.com.br/produto/355238/placa-de-video-colorful-igame-geforce-rtx-3080-neptune-oc-lhr-v-10gb-gddr6x-320bit,Kabum,"6.544,15"
placa de video colorful igame geforce rtx 3070 ti advanced oc 8gb gddr6x 256bit,https://www.kabum.com.br/produto/355241/placa-de-video-colorful-igame-geforce-rtx-3070-ti-advanced-oc-8gb-gddr6x-256bit,Kabum,"5.524,15"
placa de video colorful igame geforce rtx 3060 bilibili e-sports edition 12gb gddr6 192bit,https://www.kabum.com.br/produto/355246/placa-de-video-colorful-igame-geforce-rtx-3060-bilibili-e-sports-edition-12gb-gddr6-192bit,Kabum,"3.399,15"
"placa de vídeo afox geforce gt730 4gb, ddr3, 128 bits, low profile, hdmi/dvi/vga - af730-4096d3l5",https://www.kabum.com.br/produto/357144/placa-de-video-afox-geforce-gt730-4gb-ddr3-128-bits-low-profile-hdmi-dvi-vga-af730-4096d3l5,Kabum,"759,99"
placa de video colorful geforce rtx 3050 ultra w oc 8gb-v,https://www.kabum.com.br/produto/355226/placa-de-video-colorful-geforce-rtx-3050-ultra-w-oc-8gb-v,Kabum,"2.549,15"
"placa de vídeo galax geforce rtx 3080 hof lhr, 10gb, gddr6x dlss, ray tracing - 38nwm3md3bjj.",https://www.kabum.com.br/produto/252987/placa-de-video-galax-geforce-rtx-3080-hof-lhr-10gb-gddr6x-dlss-ray-tracing-38nwm3md3bjj-,Kabum,"12.580,83"
placa de video colorful geforce gt 1030 4gb 64bit,https://www.kabum.com.br/produto/355228/placa-de-video-colorful-geforce-gt-1030-4gb-64bit,Kabum,"679,15"
"placa de vídeo afox amd radeon rx 550, 4gb, gddr5 - afrx550-4096d5h4-v6",https://www.kabum.com.br/produto/308099/placa-de-video-afox-amd-radeon-rx-550-4gb-gddr5-afrx550-4096d5h4-v6,Kabum,"1.251,31"
placa de video asus 4gb ddr5 128bit rx550 - ph-rx550-4g-evo phoenix,https://www.kabum.com.br/produto/358063/placa-de-video-asus-4gb-ddr5-128bit-rx550-ph-rx550-4g-evo-phoenix,Kabum,"849,90"
placa de video colorful igame geforce rtx 3060 advanced oc lhr-v 12gb gddr6 192bit,https://www.kabum.com.br/produto/355229/placa-de-video-colorful-igame-geforce-rtx-3060-advanced-oc-lhr-v-12gb-gddr6-192bit,Kabum,"3.144,15"
"placa de vídeo msi nvidia geforce rtx 3060 gaming z trio 12g, rgb, lhr, dlss, ray tracing - geforce rtx 3060 gaming z trio 12g",https://www.kabum.com.br/produto/341444/placa-de-video-msi-nvidia-geforce-rtx-3060-gaming-z-trio-12g-rgb-lhr-dlss-ray-tracing-geforce-rtx-3060-gaming-z-trio-12g,Kabum,"3.029,90"
"placa de vídeo galax nvidia geforce gtx 1660 ti 1-click oc 6gb, gddr6 - 60irl7dsy91c",https://www.kabum.com.br/produto/100058/placa-de-video-galax-nvidia-geforce-gtx-1660-ti-1-click-oc-6gb-gddr6-60irl7dsy91c,Kabum,"1.799,90"
"placa de vídeo gigabyte amd radeon rx 5500 xt oc, 4gb, gddr6 - gv-r55xtoc-4gd",https://www.kabum.com.br/produto/109645/placa-de-video-gigabyte-amd-radeon-rx-5500-xt-oc-4gb-gddr6-gv-r55xtoc-4gd,Kabum,"1.999,90"
"placa de vídeo gigabyte amd radeon rx 5600 xt windforce oc 6g, 6gb, gddr6, (rev 1.0) - gv-r56xtwf2oc-6gd",https://www.kabum.com.br/produto/113296/placa-de-video-gigabyte-amd-radeon-rx-5600-xt-windforce-oc-6g-6gb-gddr6-rev-1-0-gv-r56xtwf2oc-6gd,Kabum,"2.499,90"
placa de vídeo 4gb gtx 1050ti 4gt oc gddr5 128 bits,https://www.kabum.com.br/produto/117310/placa-de-video-4gb-gtx-1050ti-4gt-oc-gddr5-128-bits,Kabum,"1.549,90"
placa de vídeo asus geforce gtx 1660 oc phoenix 6gb 192bit gddr5 ph-gtx1660-o6g,https://www.kabum.com.br/produto/117343/placa-de-video-asus-geforce-gtx-1660-oc-phoenix-6gb-192bit-gddr5-ph-gtx1660-o6g,Kabum,"2.656,80"
"placa de vídeo galax nvidia geforce rtx 2060 6gb, gddr6 - 26nrl7hpx7oc",https://www.kabum.com.br/produto/117325/placa-de-video-galax-nvidia-geforce-rtx-2060-6gb-gddr6-26nrl7hpx7oc,Kabum,"3.374,45"
"placa de video 1gb, 5450 pcyes ddr3 64 bits - pj54506401d3lp",https://www.kabum.com.br/produto/117316/placa-de-video-1gb-5450-pcyes-ddr3-64-bits-pj54506401d3lp,Kabum,"359,00"
placa de vídeo gainward geforce gtx 1050 ti 4gb gddr5 128 bit - ne5105t018g1-1070f,https://www.kabum.com.br/produto/117433/placa-de-video-gainward-geforce-gtx-1050-ti-4gb-gddr5-128-bit-ne5105t018g1-1070f,Kabum,"1.189,00"
placa de vídeo pcyes gt 740 4gb ddr5 128 bits - pa740gt12804d5fz,https://www.kabum.com.br/produto/117364/placa-de-video-pcyes-gt-740-4gb-ddr5-128-bits-pa740gt12804d5fz,Kabum,"837,23"
"placa de vídeo afox geforce gt730 4gb, ddr3, 128 bits, low profile, hdmi/dvi/vga - af730-4096d3l5",https://www.kabum.com.br/produto/117354/placa-de-video-afox-geforce-gt730-4gb-ddr3-128-bits-low-profile-hdmi-dvi-vga-af730-4096d3l5,Kabum,"581,23"
placa de vídeo 4gb asus geforce gtx 1650 phoenix ddr5 128bits - ph-gtx1650-o4g,https://www.kabum.com.br/produto/117355/placa-de-video-4gb-asus-geforce-gtx-1650-phoenix-ddr5-128bits-ph-gtx1650-o4g,Kabum,"2.399,00"
"placa de vídeo afox geforce gt730 4gb, ddr3, 128 bits, hdmi, dvi, vga- af730-4096d3l6",https://www.kabum.com.br/produto/117381/placa-de-video-afox-geforce-gt730-4gb-ddr3-128-bits-hdmi-dvi-vga-af730-4096d3l6,Kabum,"592,45"
"placa de vídeo asus nvidia tuf rtx 3090, 24gb, gddr6x - tuf-rtx3090-o24g-gaming",https://www.kabum.com.br/produto/127511/placa-de-video-asus-nvidia-tuf-rtx-3090-24gb-gddr6x-tuf-rtx3090-o24g-gaming,Kabum,"13.999,90"
"placa de vídeo gigabyte nvidia geforce rtx 3070 ti eagle oc, 8gb gddr6x, rgb, dlss, ray tracing - gv-n307teagle oc-8gd",https://www.kabum.com.br/produto/320822/placa-de-video-gigabyte-nvidia-geforce-rtx-3070-ti-eagle-oc-8gb-gddr6x-rgb-dlss-ray-tracing-gv-n307teagle-oc-8gd,Kabum,"4.599,90"
"placa de vídeo msi nvidia geforce gtx 1650 d6 ventus xs ocv1, 4gb, gddr6",https://www.kabum.com.br/produto/129381/placa-de-video-msi-nvidia-geforce-gtx-1650-d6-ventus-xs-ocv1-4gb-gddr6,Kabum,"1.599,90"
"placa de vídeo asus nvidia geforce rtx3090, 24gb, gddr6 - tuf-rtx3090-24g-gaming",https://www.kabum.com.br/produto/121139/placa-de-video-asus-nvidia-geforce-rtx3090-24gb-gddr6-tuf-rtx3090-24g-gaming,Kabum,"13.999,90"
"placa de vídeo msi nvidia geforce rtx 3090 ventus 3x 24g oc, gddr6x",https://www.kabum.com.br/produto/127408/placa-de-video-msi-nvidia-geforce-rtx-3090-ventus-3x-24g-oc-gddr6x,Kabum,"11.499,90"
"placa de vídeo sapphire pulse amd radeon rx 6600 gaming, 8gb gddr6, hdmi - 11310-01-20g",https://www.kabum.com.br/produto/242348/placa-de-video-sapphire-pulse-amd-radeon-rx-6600-gaming-8gb-gddr6-hdmi-11310-01-20g,Kabum,"3.199,90"
"placa de vídeo gigabyte nvidia geforce rtx 3090 gaming oc 24g, gddr6x - gv-n3090gaming oc-24gd",https://www.kabum.com.br/produto/128199/placa-de-video-gigabyte-nvidia-geforce-rtx-3090-gaming-oc-24g-gddr6x-gv-n3090gaming-oc-24gd,Kabum,"16.299,90"
"placa de vídeo xfx amd rx 580 8gb, gddr5, red dragon power color - 8gbd5-dhdv2/oc",https://www.kabum.com.br/produto/152751/placa-de-video-xfx-amd-rx-580-8gb-gddr5-red-dragon-power-color-8gbd5-dhdv2-oc,Kabum,"3.870,00"
placa de vídeo afox geforce gt 420 2gb ddr3 dvi vga low profile - af420-2048d3l2-v2,https://www.kabum.com.br/produto/150954/placa-de-video-afox-geforce-gt-420-2gb-ddr3-dvi-vga-low-profile-af420-2048d3l2-v2,Kabum,"429,99"
"placa de vídeo afox geforce gt610 2gb, ddr3, 64 bits, low profile, hdmi/dvi/vga - af610-2048d3l7-v5",https://www.kabum.com.br/produto/150968/placa-de-video-afox-geforce-gt610-2gb-ddr3-64-bits-low-profile-hdmi-dvi-vga-af610-2048d3l7-v5,Kabum,"329,90"
"placa de vídeo powercolor red devil, rx 6700xt 12gb, gddr6, hdmi - axrx 6700xt 12gbd6-3dhe/oc",https://www.kabum.com.br/produto/157073/placa-de-video-powercolor-red-devil-rx-6700xt-12gb-gddr6-hdmi-axrx-6700xt-12gbd6-3dhe-oc,Kabum,"5.995,80"
"placa de vídeo colorful gt 710, 2gb ddr3",https://www.kabum.com.br/produto/154488/placa-de-video-colorful-gt-710-2gb-ddr3,Kabum,"339,15"
placa de vídeo amd powercolor radeon reddragon rx 550 2gb ddr5 preto - 2gbd5-dh,https://www.kabum.com.br/produto/163822/placa-de-video-amd-powercolor-radeon-reddragon-rx-550-2gb-ddr5-preto-2gbd5-dh,Kabum,"1.371,80"
"placa de vídeo powercolor radeon rx580 8gb gdd5, red devil, 256bits - axrx580 8gbd5-3dh/oc",https://www.kabum.com.br/produto/157043/placa-de-video-powercolor-radeon-rx580-8gb-gdd5-red-devil-256bits-axrx580-8gbd5-3dh-oc,Kabum,"5.499,00"
"placa de vídeo gpu rtx 3060 revel epic-x, rgb, 12gb, gddr6, 192 bits, single-fan, pny - vcg306012sfxppbtf",https://www.kabum.com.br/produto/166421/placa-de-video-gpu-rtx-3060-revel-epic-x-rgb-12gb-gddr6-192-bits-single-fan-pny-vcg306012sfxppbtf,Kabum,"7.109,97"
"placa de video afox amd radeon r5 230, 2gb, ddr3, low profile - afr5230-2048d3l4",https://www.kabum.com.br/produto/161714/placa-de-video-afox-amd-radeon-r5-230-2gb-ddr3-low-profile-afr5230-2048d3l4,Kabum,"339,90"
"placa de vídeo asus geforce gtx 1660 6gb super oc edition phoenix, gddr6, 192 bits - ph-gtx1660s-o6g",https://www.kabum.com.br/produto/160855/placa-de-video-asus-geforce-gtx-1660-6gb-super-oc-edition-phoenix-gddr6-192-bits-ph-gtx1660s-o6g,Kabum,"2.331,50"
"placa de vídeo galax nvidia geforce gtx 1650, 4gb gddr6, 1-click oc - 65sql8ds66e6",https://www.kabum.com.br/produto/166989/placa-de-video-galax-nvidia-geforce-gtx-1650-4gb-gddr6-1-click-oc-65sql8ds66e6,Kabum,"1.999,89"
"placa de vídeo duex geforce gtx 1050 ti, 4gb, gddr5, 128 bits - dx gtx1050ti-4gd5",https://www.kabum.com.br/produto/166300/placa-de-video-duex-geforce-gtx-1050-ti-4gb-gddr5-128-bits-dx-gtx1050ti-4gd5,Kabum,"1.979,00"
placa de video knup gt730 2gb 128bit vga/hdmi/dvi kp-gt730,https://www.kabum.com.br/produto/167627/placa-de-video-knup-gt730-2gb-128bit-vga-hdmi-dvi-kp-gt730,Kabum,"787,49"
"placa de vídeo palit, geforce gtx 1660 super gp, 6gb, 192 bits, gddr6 - ne6166s018j9-1160a-1",https://www.kabum.com.br/produto/160867/placa-de-video-palit-geforce-gtx-1660-super-gp-6gb-192-bits-gddr6-ne6166s018j9-1160a-1,Kabum,"4.391,01"
"placa de vídeo palit nvidia geforce gtx 1050 ti stormx, 4gb, gddr5, 128bit, ne5105t018g1-1070f",https://www.kabum.com.br/produto/168189/placa-de-video-palit-nvidia-geforce-gtx-1050-ti-stormx-4gb-gddr5-128bit-ne5105t018g1-1070f,Kabum,"1.448,99"
"placa de vídeo asus geforce gtx 1650 oc 4gb edition phoenix, gddr6, 128 bits - ph-gtx1650-o4gd6",https://www.kabum.com.br/produto/160856/placa-de-video-asus-geforce-gtx-1650-oc-4gb-edition-phoenix-gddr6-128-bits-ph-gtx1650-o4gd6,Kabum,"2.086,81"
"placa de vídeo afox r5 220 radeon 2gb, low profile - afr5220-2048d3l9-v2",https://www.kabum.com.br/produto/161628/placa-de-video-afox-r5-220-radeon-2gb-low-profile-afr5220-2048d3l9-v2,Kabum,"302,73"
"placa de vídeo colorful nvidia geforce rtx 2060 nb-v, 6gb, gddr6, 192bit - 212327110831",https://www.kabum.com.br/produto/162125/placa-de-video-colorful-nvidia-geforce-rtx-2060-nb-v-6gb-gddr6-192bit-212327110831,Kabum,"2.676,65"
"placa de video, gpu, nv, rtx2060, 6gb, g6, 192b, pny",https://www.kabum.com.br/produto/172401/placa-de-video-gpu-nv-rtx2060-6gb-g6-192b-pny,Kabum,"6.589,97"
"placa de video, gpu, nv, gtx 1650, 4gb, ddr5, 128bits, af1650-4096d6h1 afox",https://www.kabum.com.br/produto/172404/placa-de-video-gpu-nv-gtx-1650-4gb-ddr5-128bits-af1650-4096d6h1-afox,Kabum,"3.769,21"
placa de vídeo gainward geforce rtx 3060 pegasus 12gb gddr6 - ne63060019k9-190ae,https://www.kabum.com.br/produto/170471/placa-de-video-gainward-geforce-rtx-3060-pegasus-12gb-gddr6-ne63060019k9-190ae,Kabum,"3.780,00"
"placa de vídeo galax geforce gtx 1660, super 6gb, gddr6, 192bit - 60srl7dsy91s",https://www.kabum.com.br/produto/171588/placa-de-video-galax-geforce-gtx-1660-super-6gb-gddr6-192bit-60srl7dsy91s,Kabum,"2.137,49"
"placa de video, gtx 750, ddr5, 4gb, 128bits, af750-4096d5l4 afox",https://www.kabum.com.br/produto/172420/placa-de-video-gtx-750-ddr5-4gb-128bits-af750-4096d5l4-afox,Kabum,"1.161,87"
"placa de video powercolor radeon red devil rx 6900xt 16gb, gddr6 axrx 6900xt 16gbd6-3dhe/oc",https://www.kabum.com.br/produto/172577/placa-de-video-powercolor-radeon-red-devil-rx-6900xt-16gb-gddr6-axrx-6900xt-16gbd6-3dhe-oc,Kabum,"11.899,15"
"placa de vídeo asus geforce rtx 3060 oc edition, 12gb, gddr6, 192 bits - dual-rtx3060-o12g",https://www.kabum.com.br/produto/164947/placa-de-video-asus-geforce-rtx-3060-oc-edition-12gb-gddr6-192-bits-dual-rtx3060-o12g,Kabum,"6.999,00"
placa de vídeo geforce gtx 1650 nb 4gb ddr6 - colorful,https://www.kabum.com.br/produto/175065/placa-de-video-geforce-gtx-1650-nb-4gb-ddr6-colorful,Kabum,"1.529,15"
"placa de vídeo asus geforce rtx 2060, 6gb, gddr6, 192 bits - dual-rtx2060-o6g-evo",https://www.kabum.com.br/produto/165054/placa-de-video-asus-geforce-rtx-2060-6gb-gddr6-192-bits-dual-rtx2060-o6g-evo,Kabum,"4.415,88"
"placa de vídeo, galax, geforce rtx 3060 (1-click oc) lhr, 15 gbps, 12gb gddr6, ray tracing, dlss - 36nol7md1voc",https://www.kabum.com.br/produto/174762/placa-de-video-galax-geforce-rtx-3060-1-click-oc-lhr-15-gbps-12gb-gddr6-ray-tracing-dlss-36nol7md1voc,Kabum,"3.344,00"
"placa de vídeo galax nvidia geforce rtx 3070, sem lhr, 14 gbps, 8gb, gddr6, dlss, ray tracing - 37nsl6md2koc",https://www.kabum.com.br/produto/165752/placa-de-video-galax-nvidia-geforce-rtx-3070-sem-lhr-14-gbps-8gb-gddr6-dlss-ray-tracing-37nsl6md2koc,Kabum,"4.290,00"
"placa de vídeo pcyes radeon rx550, 4gb, gddr5, 128 bits, graffiti series - pjrx550r5sf",https://www.kabum.com.br/produto/167767/placa-de-video-pcyes-radeon-rx550-4gb-gddr5-128-bits-graffiti-series-pjrx550r5sf,Kabum,"1.479,34"
placa de vídeo gainward geforce rtx 3060 ti ghost 8gb gddr6 - ne6306t019p2-190ab,https://www.kabum.com.br/produto/167897/placa-de-video-gainward-geforce-rtx-3060-ti-ghost-8gb-gddr6-ne6306t019p2-190ab,Kabum,"4.521,69"
"placa de vídeo duex geforce gtx 750 ti, 4gb, gddr5, 128 bits - dx gtx750ti-4gd5",https://www.kabum.com.br/produto/167759/placa-de-video-duex-geforce-gtx-750-ti-4gb-gddr5-128-bits-dx-gtx750ti-4gd5,Kabum,"1.478,63"
placa de vídeo gainward geforce rtx 3080 lhr phoenix 10gb gddr6x 320 bit - ned3080019ia-132ax,https://www.kabum.com.br/produto/167896/placa-de-video-gainward-geforce-rtx-3080-lhr-phoenix-10gb-gddr6x-320-bit-ned3080019ia-132ax,Kabum,"11.299,89"
placa de vídeo gainward geforce rtx 3060 ghost oc 12gb gddr6 192bit - ne63060t19k9-190au,https://www.kabum.com.br/produto/167781/placa-de-video-gainward-geforce-rtx-3060-ghost-oc-12gb-gddr6-192bit-ne63060t19k9-190au,Kabum,"4.264,05"
placa de vídeo gainward geforce gtx1650 4gb gddr6 ghost 128bits - ne6165001bg1-1175d,https://www.kabum.com.br/produto/167778/placa-de-video-gainward-geforce-gtx1650-4gb-gddr6-ghost-128bits-ne6165001bg1-1175d,Kabum,"1.991,51"
placa de vídeo powercolor radeon rx 550 4gb red dragon,https://www.kabum.com.br/produto/175039/placa-de-video-powercolor-radeon-rx-550-4gb-red-dragon,Kabum,"3.060,00"
"placa de vídeo afox geforce gt1030, 2gb, ddr5, 64 bits, low profile, hdmi/dvi - af1030-2048d5l5-v2",https://www.kabum.com.br/produto/171303/placa-de-video-afox-geforce-gt1030-2gb-ddr5-64-bits-low-profile-hdmi-dvi-af1030-2048d5l5-v2,Kabum,"759,00"
placa de vídeo nvidia pcyes gpu r5 230 2gb ddr3 64 bits low profile - pjr230rlp,https://www.kabum.com.br/produto/171573/placa-de-video-nvidia-pcyes-gpu-r5-230-2gb-ddr3-64-bits-low-profile-pjr230rlp,Kabum,"349,99"
placa de vídeo galax nvidia geforce rtx 3080 ti sg 1 click oc 12gb gddr6x - 38iom5md99dd,https://www.kabum.com.br/produto/172558/placa-de-video-galax-nvidia-geforce-rtx-3080-ti-sg-1-click-oc-12gb-gddr6x-38iom5md99dd,Kabum,"12.464,33"
placa de vídeo asus radeon rx 6700 xt tuf gaming oc 12gb gddr6 - tuf-rx6700xt-o12g-gaming,https://www.kabum.com.br/produto/172547/placa-de-video-asus-radeon-rx-6700-xt-tuf-gaming-oc-12gb-gddr6-tuf-rx6700xt-o12g-gaming,Kabum,"7.463,66"
placa de video gigabyte geforce gtx 1660 super 6gb windforce oc gv-n166soc-6gd,https://www.kabum.com.br/produto/172615/placa-de-video-gigabyte-geforce-gtx-1660-super-6gb-windforce-oc-gv-n166soc-6gd,Kabum,"3.179,89"
"placa de vídeo asus geforce rtx 3060 tuf gaming, 12gb, gddr6 - tuf-rtx3060-o12g-gaming",https://www.kabum.com.br/produto/172450/placa-de-video-asus-geforce-rtx-3060-tuf-gaming-12gb-gddr6-tuf-rtx3060-o12g-gaming,Kabum,"7.699,00"
"placa de vídeo, zotac gaming geforce rtx 3060, twin edge oc 15 gbps, 12gb, gddr6 ray tracing - zt-a30600h-10m",https://www.kabum.com.br/produto/172609/placa-de-video-zotac-gaming-geforce-rtx-3060-twin-edge-oc-15-gbps-12gb-gddr6-ray-tracing-zt-a30600h-10m,Kabum,"4.599,89"
"placa de vídeo gainward nvidia geforce rtx3070 phoenix, 8gb, gddr6 - ne63070019p2-1041x",https://www.kabum.com.br/produto/174187/placa-de-video-gainward-nvidia-geforce-rtx3070-phoenix-8gb-gddr6-ne63070019p2-1041x,Kabum,"5.669,99"
"placa de vídeo nvidia quadro, p620 2gb gddr5, 128 bits, 4x mdp - vcqp620v2-pb",https://www.kabum.com.br/produto/173590/placa-de-video-nvidia-quadro-p620-2gb-gddr5-128-bits-4x-mdp-vcqp620v2-pb,Kabum,"3.319,80"
"placa de vídeo afox, amd radeon rx 550, 4gb dual gddr5, 128 bits - afrx550-4096d5h4-v5",https://www.kabum.com.br/produto/191118/placa-de-video-afox-amd-radeon-rx-550-4gb-dual-gddr5-128-bits-afrx550-4096d5h4-v5,Kabum,"995,60"
"placa de video gainward geforce gtx 1660 super, 6gb, gddr6, 192 bits, dual fan",https://www.kabum.com.br/produto/190108/placa-de-video-gainward-geforce-gtx-1660-super-6gb-gddr6-192-bits-dual-fan,Kabum,"6.209,00"
"placa de vídeo gainward geforce rtx 3070 ti phoenix, 8gb, gddr6x, 256bit - ned307t019p2-1046x",https://www.kabum.com.br/produto/185627/placa-de-video-gainward-geforce-rtx-3070-ti-phoenix-8gb-gddr6x-256bit-ned307t019p2-1046x,Kabum,"7.646,36"
"placa de vídeo afox nvidia geforce gt610, 2gb, ddr3 - af610-2048d3l5",https://www.kabum.com.br/produto/199333/placa-de-video-afox-nvidia-geforce-gt610-2gb-ddr3-af610-2048d3l5,Kabum,"298,08"
"placa de video pny, nvidia quadro, p400, 2gb, ddr5, 64bits - vcqp400-pb",https://www.kabum.com.br/produto/199783/placa-de-video-pny-nvidia-quadro-p400-2gb-ddr5-64bits-vcqp400-pb,Kabum,"1.199,00"
"placa de video afox nvidia geforce gtx 1060 3gb, gddr5 dp dvi hdmi - af1060-3072d5h7",https://www.kabum.com.br/produto/189518/placa-de-video-afox-nvidia-geforce-gtx-1060-3gb-gddr5-dp-dvi-hdmi-af1060-3072d5h7,Kabum,"2.561,74"
"placa de video gainward geforce, rtx 3060, ghost, ne63060019k9, 190au, 12gb, gddr6 192, bits dual fan",https://www.kabum.com.br/produto/185626/placa-de-video-gainward-geforce-rtx-3060-ghost-ne63060019k9-190au-12gb-gddr6-192-bits-dual-fan,Kabum,"3.308,10"
"placa de vídeo galax nvidia geforce gtx 1660 1-click oc, 6gb, gddr5 - 60srh7dsy91c",https://www.kabum.com.br/produto/195166/placa-de-video-galax-nvidia-geforce-gtx-1660-1-click-oc-6gb-gddr5-60srh7dsy91c,Kabum,"1.947,49"
"placa de vídeo asus dual nvidia geforce rtx 3070 o8g v2 oc, 8gb gddr6, lhr, dlss, ray tracing - 90yv0fqc-m0na00",https://www.kabum.com.br/produto/199349/placa-de-video-asus-dual-nvidia-geforce-rtx-3070-o8g-v2-oc-8gb-gddr6-lhr-dlss-ray-tracing-90yv0fqc-m0na00,Kabum,"5.735,83"
placa de vídeo pny geforce rtx 3060 revel epic-x rgb 12gb gddr6 192 bits - vcg306012sfxppbtf,https://www.kabum.com.br/produto/197650/placa-de-video-pny-geforce-rtx-3060-revel-epic-x-rgb-12gb-gddr6-192-bits-vcg306012sfxppbtf,Kabum,"7.599,90"
"placa de vídeo gainward geforce gt 1030 2gb, ddr4 64 bit low profile nec - 103000646-1082f d",https://www.kabum.com.br/produto/190388/placa-de-video-gainward-geforce-gt-1030-2gb-ddr4-64-bit-low-profile-nec-103000646-1082f-d,Kabum,"899,80"
placa de vídeo palit nvidia geforce rtx 3070 ti gamingpro 8gb gddr6x - ned307t019p2-1046a,https://www.kabum.com.br/produto/191782/placa-de-video-palit-nvidia-geforce-rtx-3070-ti-gamingpro-8gb-gddr6x-ned307t019p2-1046a,Kabum,"6.744,51"
"placa de video galax, geforce rtx, 3090 gf (1-click oc) 24gb, gddr 6x 384, bits dp 3 hdmi - 39nsm5md1gna",https://www.kabum.com.br/produto/192121/placa-de-video-galax-geforce-rtx-3090-gf-1-click-oc-24gb-gddr-6x-384-bits-dp-3-hdmi-39nsm5md1gna,Kabum,"13.299,99"
placa de video asus geforce gtx1660 super 6gb gddr6 tuf-gtx1660s-o6g-gaming,https://www.kabum.com.br/produto/197624/placa-de-video-asus-geforce-gtx1660-super-6gb-gddr6-tuf-gtx1660s-o6g-gaming,Kabum,"2.461,10"
"placa de video 2gb, ddr3, amd radeon r5 220 vga, hdmi",https://www.kabum.com.br/produto/199091/placa-de-video-2gb-ddr3-amd-radeon-r5-220-vga-hdmi,Kabum,"329,30"
"placa de video amd radeon r5 220, ddr3 2gb, vga, hdmi",https://www.kabum.com.br/produto/199099/placa-de-video-amd-radeon-r5-220-ddr3-2gb-vga-hdmi,Kabum,"329,30"
"placa de vídeo, palit, geforce, rtx 3090 gamingpro, 24gb, gddr6x,  ned3090019sb-132ba",https://www.kabum.com.br/produto/199373/placa-de-video-palit-geforce-rtx-3090-gamingpro-24gb-gddr6x-ned3090019sb-132ba,Kabum,"18.999,00"
"placa de video rx 6800xt, powercolor, red dragon, 16gb, oc",https://www.kabum.com.br/produto/219775/placa-de-video-rx-6800xt-powercolor-red-dragon-16gb-oc,Kabum,"8.139,65"
"placa de video, afox, radeon, rx 560, 4gb, ddr5, 128 bits, atx dual fan, hdmi, dvi,  afrx560-4096d5h4",https://www.kabum.com.br/produto/199379/placa-de-video-afox-radeon-rx-560-4gb-ddr5-128-bits-atx-dual-fan-hdmi-dvi-afrx560-4096d5h4,Kabum,"1.813,67"
"placa de vídeo asus nvidia geforce dual rtx 3060 ti o8g v2, rgb, 8gb gddr6, dlss, lhr, ray tracing",https://www.kabum.com.br/produto/209926/placa-de-video-asus-nvidia-geforce-dual-rtx-3060-ti-o8g-v2-rgb-8gb-gddr6-dlss-lhr-ray-tracing,Kabum,"5.713,18"
"placa de vídeo afox radeon rx 560 4gb, gddr5, 128 bits - afrx560-4096d5h4-v2",https://www.kabum.com.br/produto/220473/placa-de-video-afox-radeon-rx-560-4gb-gddr5-128-bits-afrx560-4096d5h4-v2,Kabum,"1.313,99"
"placa de vídeo, asus, tuf rtx 3060, oc v2, 12gb, gaming lhr, gddr6 rgb -  90yv0gc0-m0na10",https://www.kabum.com.br/produto/197162/placa-de-video-asus-tuf-rtx-3060-oc-v2-12gb-gaming-lhr-gddr6-rgb-90yv0gc0-m0na10,Kabum,"4.318,56"
"placa de video power color radeon rx550 2gb, ddr5 - directx 12",https://www.kabum.com.br/produto/199105/placa-de-video-power-color-radeon-rx550-2gb-ddr5-directx-12,Kabum,"899,99"
"placa de vídeo galax nvidia geforce rtx 3060 ti 1-click oc, 8gb, gddr6, lhr, dlss, ray tracing, preto - 36isl6md1vqw - lhr",https://www.kabum.com.br/produto/222704/placa-de-video-galax-nvidia-geforce-rtx-3060-ti-1-click-oc-8gb-gddr6-lhr-dlss-ray-tracing-preto-36isl6md1vqw-lhr,Kabum,"4.075,50"
"placa de vídeo, palit, geforce, rtx 3060 ti dual, 8gb, gddr6, ne6306t019p2-190ad",https://www.kabum.com.br/produto/199372/placa-de-video-palit-geforce-rtx-3060-ti-dual-8gb-gddr6-ne6306t019p2-190ad,Kabum,"4.507,38"
"placa de video, gainward, geforce, gtx 1660, super pegasus, ne6166s018j9-161f, 6gb,gddr6, 192 bits",https://www.kabum.com.br/produto/199465/placa-de-video-gainward-geforce-gtx-1660-super-pegasus-ne6166s018j9-161f-6gb-gddr6-192-bits,Kabum,"2.640,05"
"placa de vídeo pny rtx 3060, revel epic-x rgb, 12gb, gddr6, 192-bit, single fan - vcg306012sfxppb",https://www.kabum.com.br/produto/231689/placa-de-video-pny-rtx-3060-revel-epic-x-rgb-12gb-gddr6-192-bit-single-fan-vcg306012sfxppb,Kabum,"10.250,83"
"placa de vídeo amd radeon rx 550 2gb, gddr5, 128 bits, amd 2gbd5-hlev2",https://www.kabum.com.br/produto/214076/placa-de-video-amd-radeon-rx-550-2gb-gddr5-128-bits-amd-2gbd5-hlev2,Kabum,"644,31"
"placa de video asus geforce rtx 3060 12gb, gddr6, 192 bits, lhr - dual-rtx3060-o12g-v2",https://www.kabum.com.br/produto/214817/placa-de-video-asus-geforce-rtx-3060-12gb-gddr6-192-bits-lhr-dual-rtx3060-o12g-v2,Kabum,"5.061,75"
"placa de vídeo palit geforce rtx 3080 gamingpro, 10gb, gddr6x - ned3080019ia-132aa",https://www.kabum.com.br/produto/210818/placa-de-video-palit-geforce-rtx-3080-gamingpro-10gb-gddr6x-ned3080019ia-132aa,Kabum,"7.662,53"
"placa de vídeo galax nvidia geforce gtx 1660 ti 1-click oc 6gb, gddr6 - 60irl7dsy91c",https://www.kabum.com.br/produto/239246/placa-de-video-galax-nvidia-geforce-gtx-1660-ti-1-click-oc-6gb-gddr6-60irl7dsy91c,Kabum,"2.101,88"
"placa de video, colorful gerforce gtx 1660 6gb ddr6 dvi, hdmi, displayport",https://www.kabum.com.br/produto/213780/placa-de-video-colorful-gerforce-gtx-1660-6gb-ddr6-dvi-hdmi-displayport,Kabum,"2.294,15"
"placa de vídeo gt210, evga, 64 bits, gddr3, 1gb, hdmi, vga, dvi",https://www.kabum.com.br/produto/219959/placa-de-video-gt210-evga-64-bits-gddr3-1gb-hdmi-vga-dvi,Kabum,"409,11"
"placa de vídeo gigabyte geforce gtx 1650 d6 oc 4gb, gddr6, 128bits - gvn1656oc4gd rev 2.0",https://www.kabum.com.br/produto/218477/placa-de-video-gigabyte-geforce-gtx-1650-d6-oc-4gb-gddr6-128bits-gvn1656oc4gd-rev-2-0,Kabum,"1.899,00"
"placa de vídeo nvidia asus geforce gtx1660 ti, dual oc edition, 6gb",https://www.kabum.com.br/produto/235771/placa-de-video-nvidia-asus-geforce-gtx1660-ti-dual-oc-edition-6gb,Kabum,"5.199,00"
"placa de video gpu gtx 1050 2gb gddr5 128 bits, dual-fan graffiti series",https://www.kabum.com.br/produto/233289/placa-de-video-gpu-gtx-1050-2gb-gddr5-128-bits-dual-fan-graffiti-series,Kabum,"1.517,90"
placa de vídeo afox pci-e ati rx560 4gb/128b ddr5 dvi hami dp 3453,https://www.kabum.com.br/produto/214295/placa-de-video-afox-pci-e-ati-rx560-4gb-128b-ddr5-dvi-hami-dp-3453,Kabum,"1.567,50"
"placa de video rtx 2060 super ex, galax, 8 gb, 1 click oc, teclab lite",https://www.kabum.com.br/produto/219963/placa-de-video-rtx-2060-super-ex-galax-8-gb-1-click-oc-teclab-lite,Kabum,"3.134,05"
"placa de vídeo, gtx 1650, asus, tuf, 4 gb, gddr6, 2 fans",https://www.kabum.com.br/produto/220016/placa-de-video-gtx-1650-asus-tuf-4-gb-gddr6-2-fans,Kabum,"2.149,89"
"placa de vídeo rtx 3070, asus, republic of gamers, rog strix, 8gb, oc, gddr6",https://www.kabum.com.br/produto/220014/placa-de-video-rtx-3070-asus-republic-of-gamers-rog-strix-8gb-oc-gddr6,Kabum,"12.999,00"
"placa de vídeo palit, geforce gtx 1650 gp 4gb, 128 bits, gddr6 - ne6165001bg1-1175a",https://www.kabum.com.br/produto/247641/placa-de-video-palit-geforce-gtx-1650-gp-4gb-128-bits-gddr6-ne6165001bg1-1175a,Kabum,"2.106,00"
"placa de vídeo palit, geforce gtx 1650 gp oc, 4gb, 128bit, gddr6 - ne61650s1bg1-1175a",https://www.kabum.com.br/produto/248322/placa-de-video-palit-geforce-gtx-1650-gp-oc-4gb-128bit-gddr6-ne61650s1bg1-1175a,Kabum,"2.034,55"
"placa de video powercolor radeon, red devil, rx6800xt, 16gb, gddr6, axrx - 16gbd6-3dhe/oc",https://www.kabum.com.br/produto/241479/placa-de-video-powercolor-radeon-red-devil-rx6800xt-16gb-gddr6-axrx-16gbd6-3dhe-oc,Kabum,"9.999,00"
placa de vídeo 4gb asus geforce gtx 1650 dual ddr5 128 bits dual-gtx1650-o4g,https://www.kabum.com.br/produto/117361/placa-de-video-4gb-asus-geforce-gtx-1650-dual-ddr5-128-bits-dual-gtx1650-o4g,Kabum,"2.299,89"
"placa de vídeo gigabyte nvidia geforce gt 1030, 2gb, ddr4, 64bits - gv-n1030d4-2g",https://www.kabum.com.br/produto/117338/placa-de-video-gigabyte-nvidia-geforce-gt-1030-2gb-ddr4-64bits-gv-n1030d4-2g,Kabum,"894,69"
"placa de video, 2gb, gt1030, gddr5, low profile gigabyte, gv-n1030d5-2gl",https://www.kabum.com.br/produto/117374/placa-de-video-2gb-gt1030-gddr5-low-profile-gigabyte-gv-n1030d5-2gl,Kabum,"1.019,70"
"placa de vídeo galax nvidia geforce rtx 3090 sg (1-click oc), 24gb, gddr6x - 39nsm5md1gna",https://www.kabum.com.br/produto/127514/placa-de-video-galax-nvidia-geforce-rtx-3090-sg-1-click-oc-24gb-gddr6x-39nsm5md1gna,Kabum,"11.999,90"
placa de vídeo asus gtx 1650 vga tuf - 04gd6-p-gaming 90yv0ez2-m0na00,https://www.kabum.com.br/produto/135334/placa-de-video-asus-gtx-1650-vga-tuf-04gd6-p-gaming-90yv0ez2-m0na00,Kabum,"2.332,50"
"placa de vídeo asus nvidia geforce gtx 1650 oc edition phoenix 4gb, gddr6 - ph-gtx1650-o4gd6-p",https://www.kabum.com.br/produto/148003/placa-de-video-asus-nvidia-geforce-gtx-1650-oc-edition-phoenix-4gb-gddr6-ph-gtx1650-o4gd6-p,Kabum,"1.612,80"
"placa de video gt730 2gb, ddr3 128bit vga/hdmi/dvi - kp-gt730/ab",https://www.kabum.com.br/produto/221010/placa-de-video-gt730-2gb-ddr3-128bit-vga-hdmi-dvi-kp-gt730-ab,Kabum,"563,88"
"placa de vídeo galax nvidia geforce rtx 3070 1-click oc, 8gb gddr6, dlss, lhr, preto - 37nsl6md2kch",https://www.kabum.com.br/produto/256200/placa-de-video-galax-nvidia-geforce-rtx-3070-1-click-oc-8gb-gddr6-dlss-lhr-preto-37nsl6md2kch,Kabum,"4.397,40"
"placa de vídeo, 6gb, pci-ex, gigabyte, gtx 1660ti, oc, ddr6",https://www.kabum.com.br/produto/252540/placa-de-video-6gb-pci-ex-gigabyte-gtx-1660ti-oc-ddr6,Kabum,"2.426,10"
"placa de vídeo, colorful, geforce gt 1030, 2gb, gddr4, 64bit",https://www.kabum.com.br/produto/266114/placa-de-video-colorful-geforce-gt-1030-2gb-gddr4-64bit,Kabum,"805,90"
"placa de vídeo asus tuf gaming nvidia geforce gtx 1660 ti o6g evo oc, 6gb gddr6, preto - 90yv0ct7-m0na00",https://www.kabum.com.br/produto/268456/placa-de-video-asus-tuf-gaming-nvidia-geforce-gtx-1660-ti-o6g-evo-oc-6gb-gddr6-preto-90yv0ct7-m0na00,Kabum,"3.099,98"
"placa de vídeo gtx 1050 ti, galax, 4gb, oc, gddr5 - 50iqh8dsq3dd",https://www.kabum.com.br/produto/232367/placa-de-video-gtx-1050-ti-galax-4gb-oc-gddr5-50iqh8dsq3dd,Kabum,"2.328,83"
"placa de vídeo asus geforce rtx 3070, rog strix v2 lhr oc, 8gb, gddr6 - rog-strix-rtx3070-o8g-v2-gaming",https://www.kabum.com.br/produto/233707/placa-de-video-asus-geforce-rtx-3070-rog-strix-v2-lhr-oc-8gb-gddr6-rog-strix-rtx3070-o8g-v2-gaming,Kabum,"6.799,89"
"placa de vídeo galax, geforce gtx 1050 ti, 1-click oc, 4gb, gddr5, 128 bits - 50iqh8dsq3cc",https://www.kabum.com.br/produto/229989/placa-de-video-galax-geforce-gtx-1050-ti-1-click-oc-4gb-gddr5-128-bits-50iqh8dsq3cc,Kabum,"2.150,00"
"placa de video afox 4gb, gt 730, ddr3 128bitz - af730-4096d3l4",https://www.kabum.com.br/produto/244586/placa-de-video-afox-4gb-gt-730-ddr3-128bitz-af730-4096d3l4,Kabum,"739,00"
"placa de video afox geforce gt740 4gb gddr5 128 bits, hdmi, dvi, vga - af740-4096d5h2-v2",https://www.kabum.com.br/produto/268264/placa-de-video-afox-geforce-gt740-4gb-gddr5-128-bits-hdmi-dvi-vga-af740-4096d5h2-v2,Kabum,"910,71"
"placa de vídeo gt 1030, asus, oc, 2gb, gddr5 - gt1030-sl-2g-brk",https://www.kabum.com.br/produto/231900/placa-de-video-gt-1030-asus-oc-2gb-gddr5-gt1030-sl-2g-brk,Kabum,"899,99"
"placa de vídeo asus geforce rtx 3070, tuf gaming oc v2 lhr, 8gb, ddr6 - tuf-rtx3070-o8g-v2-gaming",https://www.kabum.com.br/produto/233677/placa-de-video-asus-geforce-rtx-3070-tuf-gaming-oc-v2-lhr-8gb-ddr6-tuf-rtx3070-o8g-v2-gaming,Kabum,"5.960,33"
"placa de vídeo galax nvidia geforce gtx 1050 ti 1-click oc, 4gb, ddr5, preto - 50iqh8dsq3cc",https://www.kabum.com.br/produto/237941/placa-de-video-galax-nvidia-geforce-gtx-1050-ti-1-click-oc-4gb-ddr5-preto-50iqh8dsq3cc,Kabum,"1.422,77"
"placa de vídeo gigabyte nvidia geforce gtx 1650 oc low profile, 4gb, gddr5 - gv-n1650oc-4gl",https://www.kabum.com.br/produto/234944/placa-de-video-gigabyte-nvidia-geforce-gtx-1650-oc-low-profile-4gb-gddr5-gv-n1650oc-4gl,Kabum,"2.149,99"
"placa de vídeo gforce gtx 1050ti, 4gb, gddr5, 128bits, dvi, hdmi, afox - af1050ti-4096d5h5",https://www.kabum.com.br/produto/252387/placa-de-video-gforce-gtx-1050ti-4gb-gddr5-128bits-dvi-hdmi-afox-af1050ti-4096d5h5,Kabum,"1.941,29"
"placa de vídeo palit geforce rtx 3070 gamerock, 8gb, gddr6",https://www.kabum.com.br/produto/240617/placa-de-video-palit-geforce-rtx-3070-gamerock-8gb-gddr6,Kabum,"5.849,10"
placa de vídeo geforce afox gt 730 4gb ddr3 hdmi dvi vga 128 bits até 2 monitores low profile - af730-4096d3l2,https://www.kabum.com.br/produto/244663/placa-de-video-geforce-afox-gt-730-4gb-ddr3-hdmi-dvi-vga-128-bits-ate-2-monitores-low-profile-af730-4096d3l2,Kabum,"610,98"
"placa de vídeo powercolor, radeon red dragon rx 580, 8gb, gddr5, 256bit - axrx 580 8gbd5-dhdv2/oc",https://www.kabum.com.br/produto/260479/placa-de-video-powercolor-radeon-red-dragon-rx-580-8gb-gddr5-256bit-axrx-580-8gbd5-dhdv2-oc,Kabum,"4.908,59"
"placa de vídeo galax gt 1030, 2gb ddr4, 64bit, dvi-d/hdmi",https://www.kabum.com.br/produto/252623/placa-de-video-galax-gt-1030-2gb-ddr4-64bit-dvi-d-hdmi,Kabum,"1.279,00"
"placa de video amd gpu, hd 6570, 2gb gddr3, 128 bits, atx, single fan - pj6570hdr3sf",https://www.kabum.com.br/produto/271841/placa-de-video-amd-gpu-hd-6570-2gb-gddr3-128-bits-atx-single-fan-pj6570hdr3sf,Kabum,"642,85"
"placa de vídeo galax nvidia geforce rtx 3080 serious gaming, 10gb, lhr, rgb, dlss, ray tracing - 38nwm3md99rg",https://www.kabum.com.br/produto/275678/placa-de-video-galax-nvidia-geforce-rtx-3080-serious-gaming-10gb-lhr-rgb-dlss-ray-tracing-38nwm3md99rg,Kabum,"7.599,99"
"placa de vídeo palit, geforce rtx 3060 stormx lhr, 12gb, 192bit, gddr6 - ne63060019k9-190af",https://www.kabum.com.br/produto/252445/placa-de-video-palit-geforce-rtx-3060-stormx-lhr-12gb-192bit-gddr6-ne63060019k9-190af,Kabum,"5.499,99"
placa de video pcyes geforce gtx 1660 ti 6gb gddr6 192 bits dvi/hdmi/dp - pa1660ti6gr6fs,https://www.kabum.com.br/produto/267055/placa-de-video-pcyes-geforce-gtx-1660-ti-6gb-gddr6-192-bits-dvi-hdmi-dp-pa1660ti6gr6fs,Kabum,"4.741,26"
"placa de video, asus geforce, gtx 1650 tuf gaming oc edition 4gb ddr6 128 bits -tuf-gtx1650-o4gd6-gami.",https://www.kabum.com.br/produto/252578/placa-de-video-asus-geforce-gtx-1650-tuf-gaming-oc-edition-4gb-ddr6-128-bits-tuf-gtx1650-o4gd6-gami-,Kabum,"3.068,03"
placa de vídeo asus tuf geforce rtx 3080 lhr 10gb gddr6x 320 bit tuf-rtx3080-10g-v2-gaming,https://www.kabum.com.br/produto/260912/placa-de-video-asus-tuf-geforce-rtx-3080-lhr-10gb-gddr6x-320-bit-tuf-rtx3080-10g-v2-gaming,Kabum,"9.585,00"
"placa de vídeo, asus, geforce rtx 3060 ti tuf gaming v2 lhr oc 8gb, gddr6 - 90yv0g1a-m0na00",https://www.kabum.com.br/produto/260972/placa-de-video-asus-geforce-rtx-3060-ti-tuf-gaming-v2-lhr-oc-8gb-gddr6-90yv0g1a-m0na00,Kabum,"5.987,91"
"placa de video gtx 750 2gb, gddr5, 128 bits dual-fan",https://www.kabum.com.br/produto/288418/placa-de-video-gtx-750-2gb-gddr5-128-bits-dual-fan,Kabum,"1.206,35"
"placa de video asus nvidia geforce gtx 1050ti oc cerberus, 4gb, ddr5 - cerberus-gtx1050ti-o4g",https://www.kabum.com.br/produto/262328/placa-de-video-asus-nvidia-geforce-gtx-1050ti-oc-cerberus-4gb-ddr5-cerberus-gtx1050ti-o4g,Kabum,"1.797,51"
pny quadro workstation server placa de video pny vcnt1000-pb t1000 4gb ddr6 128bit dp,https://www.kabum.com.br/produto/264859/pny-quadro-workstation-server-placa-de-video-pny-vcnt1000-pb-t1000-4gb-ddr6-128bit-dp,Kabum,"7.064,35"
placa de video nvidia quadro - t600 4gb gddr6 128 bits 4x mdp - vcnt600-porpb,https://www.kabum.com.br/produto/275254/placa-de-video-nvidia-quadro-t600-4gb-gddr6-128-bits-4x-mdp-vcnt600-porpb,Kabum,"2.525,60"
"placa de video power color radeon axrx 6600 8gb, gddr6 - axrx 6600 8gbd6-3dhl",https://www.kabum.com.br/produto/296809/placa-de-video-power-color-radeon-axrx-6600-8gb-gddr6-axrx-6600-8gbd6-3dhl,Kabum,"3.999,00"
"placa de vídeo pcyes nvidia geforce gtx 1050 ti, 4gb gddr5, 128 bits dual-fan - pa1050tigtx4dr5",https://www.kabum.com.br/produto/267711/placa-de-video-pcyes-nvidia-geforce-gtx-1050-ti-4gb-gddr5-128-bits-dual-fan-pa1050tigtx4dr5,Kabum,"2.100,00"
"placa de video asus, geforce rtx3070 ti, 8gb, gddr6 256 bits - tuf-rtx3070ti-8g-gaming",https://www.kabum.com.br/produto/268548/placa-de-video-asus-geforce-rtx3070-ti-8gb-gddr6-256-bits-tuf-rtx3070ti-8g-gaming,Kabum,"9.262,87"
"placa de vídeo galax geforce rtx 3070 ti 1-click oc lhr 8gb, 256bit gddr6x - 37ism6md4coc",https://www.kabum.com.br/produto/298132/placa-de-video-galax-geforce-rtx-3070-ti-1-click-oc-lhr-8gb-256bit-gddr6x-37ism6md4coc,Kabum,"5.367,49"
"placa de video, afox,amd radeon r5 230, 1gb, ddr3, 64 bit, lp heatsink, hdmi, dvi, vga, afr5230-1024d",https://www.kabum.com.br/produto/270478/placa-de-video-afox-amd-radeon-r5-230-1gb-ddr3-64-bit-lp-heatsink-hdmi-dvi-vga-afr5230-1024d,Kabum,"284,21"
"placa de video asus geforce rtx 3080, ti 12gb, ddr6x - tuf-rtx3080ti-o12g-gaming",https://www.kabum.com.br/produto/275729/placa-de-video-asus-geforce-rtx-3080-ti-12gb-ddr6x-tuf-rtx3080ti-o12g-gaming,Kabum,"11.546,89"
placa de vídeo gigabyte geforce rtx 2060 d6 6gb gddr6 192bit,https://www.kabum.com.br/produto/302344/placa-de-video-gigabyte-geforce-rtx-2060-d6-6gb-gddr6-192bit,Kabum,"3.398,90"
"placa de vídeo asus ko, geforce rtx 3060 oc edition lhr, 12gb, gddr6, 192bit - ko-rtx3060-o12g-v2-gaming",https://www.kabum.com.br/produto/276135/placa-de-video-asus-ko-geforce-rtx-3060-oc-edition-lhr-12gb-gddr6-192bit-ko-rtx3060-o12g-v2-gaming,Kabum,"6.299,00"
"placa de vídeo msi nvidia geforce rtx 3060 ventus 3x 12g oc, dlss, ray tracing - 3060 ventus 3x 12g oc",https://www.kabum.com.br/produto/275252/placa-de-video-msi-nvidia-geforce-rtx-3060-ventus-3x-12g-oc-dlss-ray-tracing-3060-ventus-3x-12g-oc,Kabum,"3.599,90"
"placa de vídeo asus tuf rx 6800, xt oc edition 16gb, gddr6, 256 bit,tuf-rx6800xt-o16g-gaming",https://www.kabum.com.br/produto/275768/placa-de-video-asus-tuf-rx-6800-xt-oc-edition-16gb-gddr6-256-bit-tuf-rx6800xt-o16g-gaming,Kabum,"10.821,60"
"placa de video gt1030 2gb, gddr5 - af1030-2048d5l5 afox",https://www.kabum.com.br/produto/296700/placa-de-video-gt1030-2gb-gddr5-af1030-2048d5l5-afox,Kabum,"834,30"
placa de vídeo nvidia geforce gt-210 1gb hdmi 64bits ddr3,https://www.kabum.com.br/produto/283884/placa-de-video-nvidia-geforce-gt-210-1gb-hdmi-64bits-ddr3,Kabum,"311,88"
"placa de vídeo radeon rx 550, 4gb gddr5 rx550-4gd5 snake",https://www.kabum.com.br/produto/306280/placa-de-video-radeon-rx-550-4gb-gddr5-rx550-4gd5-snake,Kabum,"1.071,89"
"placa de vídeo nvidia geforce gtx 750 4gb, gddr5 - bl750-4096d5h6 snake",https://www.kabum.com.br/produto/306300/placa-de-video-nvidia-geforce-gtx-750-4gb-gddr5-bl750-4096d5h6-snake,Kabum,"1.001,69"
placa de video radeon afox rx550 4gb ddr5 afrx550-4096d5h4-v5,https://www.kabum.com.br/produto/306304/placa-de-video-radeon-afox-rx550-4gb-ddr5-afrx550-4096d5h4-v5,Kabum,"1.449,89"
"placa de vídeo radeon rx 560 4gb, gddr5 afrx560d-4096d5h4-v2 afox",https://www.kabum.com.br/produto/306305/placa-de-video-radeon-rx-560-4gb-gddr5-afrx560d-4096d5h4-v2-afox,Kabum,"1.259,10"
"placa de vídeo, nvidia, geforce gtx 1050 2gb, gddr5, gigabyte gv-n1050g1, gaming 2g",https://www.kabum.com.br/produto/306321/placa-de-video-nvidia-geforce-gtx-1050-2gb-gddr5-gigabyte-gv-n1050g1-gaming-2g,Kabum,"1.367,99"
"placa de vídeo radeon rx 550 2gb gddr5, axrx 550 2gbd5-dh red dragon powercolor",https://www.kabum.com.br/produto/306323/placa-de-video-radeon-rx-550-2gb-gddr5-axrx-550-2gbd5-dh-red-dragon-powercolor,Kabum,"899,99"
"placa de vídeo, nvidia, geforce gtx 750 2gb, gddr5, af750-2048d5h6, afox",https://www.kabum.com.br/produto/306325/placa-de-video-nvidia-geforce-gtx-750-2gb-gddr5-af750-2048d5h6-afox,Kabum,"871,19"
"placa de vídeo radeon rx 580 8gb, gddr5 256 bit - rx580-8gd5 snake",https://www.kabum.com.br/produto/306347/placa-de-video-radeon-rx-580-8gb-gddr5-256-bit-rx580-8gd5-snake,Kabum,"3.746,70"
"placa de vídeo nvidia geforce gtx 1650 4gb, gddr6, gtx1650-4gd6 - snake",https://www.kabum.com.br/produto/306362/placa-de-video-nvidia-geforce-gtx-1650-4gb-gddr6-gtx1650-4gd6-snake,Kabum,"2.700,00"
placa de vídeo galax rtx 2060 plus 1-click oc 12gb 192 bit gddr6 26nrl7hp68pc,https://www.kabum.com.br/produto/306143/placa-de-video-galax-rtx-2060-plus-1-click-oc-12gb-192-bit-gddr6-26nrl7hp68pc,Kabum,"3.493,83"
placa de video afox geforce gtx750 2gb gddr5 128 bits - hdmi - dvi - vga - af750-2048d5l4,https://www.kabum.com.br/produto/300165/placa-de-video-afox-geforce-gtx750-2gb-gddr5-128-bits-hdmi-dvi-vga-af750-2048d5l4,Kabum,"1.112,26"
"placa de vídeo pcyes nvidia, geforce gt 740 4gb, gddr5, 128 bits",https://www.kabum.com.br/produto/308909/placa-de-video-pcyes-nvidia-geforce-gt-740-4gb-gddr5-128-bits,Kabum,"890,19"
placa de video power color radeon rx 550 4gb gddr5 128bits - axrx 550 4gbd5-hle,https://www.kabum.com.br/produto/304368/placa-de-video-power-color-radeon-rx-550-4gb-gddr5-128bits-axrx-550-4gbd5-hle,Kabum,"1.325,51"
placa de video duex 2gb nvidia gtx 750ti ddr5 gtx750ti-2gd5,https://www.kabum.com.br/produto/314885/placa-de-video-duex-2gb-nvidia-gtx-750ti-ddr5-gtx750ti-2gd5,Kabum,"1.259,00"
"placa de video galax geforce gtx 1050ti click oc 4gb, gddr5 128 bits - dvi-hdmi-dp",https://www.kabum.com.br/produto/311810/placa-de-video-galax-geforce-gtx-1050ti-click-oc-4gb-gddr5-128-bits-dvi-hdmi-dp,Kabum,"2.409,00"
"placa de vídeo, galax nvidia rtx 3050, 8gb, gddr6, 128bit",https://www.kabum.com.br/produto/315279/placa-de-video-galax-nvidia-rtx-3050-8gb-gddr6-128bit,Kabum,"3.320,19"
"placa de vídeo, gigabyte geforce rtx 3080, gaming 10gb, 320bit",https://www.kabum.com.br/produto/315280/placa-de-video-gigabyte-geforce-rtx-3080-gaming-10gb-320bit,Kabum,"11.015,19"
"placa de vídeo pcyes radeon rx 580 8gb, gddr5 256 bits - paxrx580dr5df",https://www.kabum.com.br/produto/311153/placa-de-video-pcyes-radeon-rx-580-8gb-gddr5-256-bits-paxrx580dr5df,Kabum,"3.753,00"
placa de video pny quadro rtx a2000 6gb gddr6 vcnrtxa2000-pb,https://www.kabum.com.br/produto/312837/placa-de-video-pny-quadro-rtx-a2000-6gb-gddr6-vcnrtxa2000-pb,Kabum,"6.110,00"
"placa de vídeo palit nvidia geforce rtx 3060 dual, lhr, 12gb, gddr6, 192bit, dlss, ray tracing, ne63060019k9-190a",https://www.kabum.com.br/produto/314364/placa-de-video-palit-nvidia-geforce-rtx-3060-dual-lhr-12gb-gddr6-192bit-dlss-ray-tracing-ne63060019k9-190a,Kabum,"3.443,51"
"placa de vídeo pny nvidia quadro t1000, 4gb gddr6, 128bit - vcnt1000-porpb",https://www.kabum.com.br/produto/316137/placa-de-video-pny-nvidia-quadro-t1000-4gb-gddr6-128bit-vcnt1000-porpb,Kabum,"3.956,40"
"placa de vídeo galax nvidia geforce rtx 3050 1-click oc, 8gb gddr6, lhr, dlss, ray tracing - 527200-0562",https://www.kabum.com.br/produto/319948/placa-de-video-galax-nvidia-geforce-rtx-3050-1-click-oc-8gb-gddr6-lhr-dlss-ray-tracing-527200-0562,Kabum,"3.159,00"
"placa de vídeo asus tuf rtx 3090 ti o 24g gaming, 24gb, gddr6x - 90yv0hc1-m0na00",https://www.kabum.com.br/produto/303565/placa-de-video-asus-tuf-rtx-3090-ti-o-24g-gaming-24gb-gddr6x-90yv0hc1-m0na00,Kabum,"14.499,90"
placa de vídeo galax geforce rtx 2060 plus 1-click oc 6gb gddr6 - 26nrl7hp68cx,https://www.kabum.com.br/produto/311192/placa-de-video-galax-geforce-rtx-2060-plus-1-click-oc-6gb-gddr6-26nrl7hp68cx,Kabum,"2.651,90"
"placa de video amd radeon rx 550 4gb, gddr5 128 bits dual-fan, graffiti series - pjrx550dr5128b",https://www.kabum.com.br/produto/320232/placa-de-video-amd-radeon-rx-550-4gb-gddr5-128-bits-dual-fan-graffiti-series-pjrx550dr5128b,Kabum,"932,83"
placa de video geeforce gt 1030 2gb gddr5 64bits - pjgt1030dr5,https://www.kabum.com.br/produto/320236/placa-de-video-geeforce-gt-1030-2gb-gddr5-64bits-pjgt1030dr5,Kabum,"816,41"
"placa de video, rtx 2060, ghost gainward, 12gb",https://www.kabum.com.br/produto/305762/placa-de-video-rtx-2060-ghost-gainward-12gb,Kabum,"5.419,89"
"placa de vídeo, gtx 1050ti, 4gb, pcyes, gddr5, graffiti series",https://www.kabum.com.br/produto/319023/placa-de-video-gtx-1050ti-4gb-pcyes-gddr5-graffiti-series,Kabum,"1.999,90"
placa de video gt420 2gb gddr3 af420-2048d3l2-v2 008407 afox,https://www.kabum.com.br/produto/313208/placa-de-video-gt420-2gb-gddr3-af420-2048d3l2-v2-008407-afox,Kabum,"556,07"
"placa de vídeo zotac gaming nvidia geforce rtx 3080 trinity, 12gb gddr6x, lhr, rgb, dlss, ray tracing - zt-a30820d-10plhr",https://www.kabum.com.br/produto/303472/placa-de-video-zotac-gaming-nvidia-geforce-rtx-3080-trinity-12gb-gddr6x-lhr-rgb-dlss-ray-tracing-zt-a30820d-10plhr,Kabum,"6.999,90"
"placa de vídeo, palit, nvidia geforce rtx 3060 ti dual oc lhr 8 gb, gddr6 - ne6306ts19p2-190ad-v1",https://www.kabum.com.br/produto/317020/placa-de-video-palit-nvidia-geforce-rtx-3060-ti-dual-oc-lhr-8-gb-gddr6-ne6306ts19p2-190ad-v1,Kabum,"5.282,51"
"placa de vídeo pny nvidia quadro t400, 4gb, gddr6 64 bit - vcnt4004gb-pb",https://www.kabum.com.br/produto/321873/placa-de-video-pny-nvidia-quadro-t400-4gb-gddr6-64-bit-vcnt4004gb-pb,Kabum,"1.728,00"
"placa de vídeo gigabyte geforce gtx 1660 oc 6gb, 192bits, gddr5, hdmi, 3dp gv-n1660oc-6gd - gigabyte",https://www.kabum.com.br/produto/314815/placa-de-video-gigabyte-geforce-gtx-1660-oc-6gb-192bits-gddr5-hdmi-3dp-gv-n1660oc-6gd-gigabyte,Kabum,"3.059,89"
"placa de vídeo pcyes gt730, 4gb, gddr5, 64 bits - pjgt7304gb64",https://www.kabum.com.br/produto/315061/placa-de-video-pcyes-gt730-4gb-gddr5-64-bits-pjgt7304gb64,Kabum,"705,57"
"placa de video nvidia geforce gt740, gdd5 4gb, 128bit",https://www.kabum.com.br/produto/332862/placa-de-video-nvidia-geforce-gt740-gdd5-4gb-128bit,Kabum,"789,00"
"placa de video gef rtx 2060 gddr6 6gb, 192 dual fan-full size",https://www.kabum.com.br/produto/332863/placa-de-video-gef-rtx-2060-gddr6-6gb-192-dual-fan-full-size,Kabum,"2.918,03"
placa de vídeo asus nvidia geforce ko rtx 3060 ti v2 oc edition 8gb gddr6 lhr hdmi dp ko-rtx3060ti-o8g-v2-gaming,https://www.kabum.com.br/produto/319246/placa-de-video-asus-nvidia-geforce-ko-rtx-3060-ti-v2-oc-edition-8gb-gddr6-lhr-hdmi-dp-ko-rtx3060ti-o8g-v2-gaming,Kabum,"5.394,89"
"placa de video msi nvidia geforce rtx 3070 ti ventus 3x 8gb, 256bit, gddr6x",https://www.kabum.com.br/produto/331754/placa-de-video-msi-nvidia-geforce-rtx-3070-ti-ventus-3x-8gb-256bit-gddr6x,Kabum,"5.939,76"
"placa de vídeo, gigabyte rtx 3070, gaming 8gb, gddr6 256bits",https://www.kabum.com.br/produto/315277/placa-de-video-gigabyte-rtx-3070-gaming-8gb-gddr6-256bits,Kabum,"7.199,10"
placa de video palit geforce rtx 3080ti gamingpro 12gb gddr6x 384 bits hdmi - ned308t019kb-132aa,https://www.kabum.com.br/produto/322898/placa-de-video-palit-geforce-rtx-3080ti-gamingpro-12gb-gddr6x-384-bits-hdmi-ned308t019kb-132aa,Kabum,"11.299,89"
"placa de video msi nvidia geforce rtx 3070 gaming x trio 8gb, 256bit, gddr6x",https://www.kabum.com.br/produto/331786/placa-de-video-msi-nvidia-geforce-rtx-3070-gaming-x-trio-8gb-256bit-gddr6x,Kabum,"6.599,90"
"placa de vídeo gigabyte nvidia geforce rtx 3090 eagle, 24gb gddr6x, rgb, lhr, dlss, ray tracing - gv-n3090eagle-24gd",https://www.kabum.com.br/produto/320816/placa-de-video-gigabyte-nvidia-geforce-rtx-3090-eagle-24gb-gddr6x-rgb-lhr-dlss-ray-tracing-gv-n3090eagle-24gd,Kabum,"13.999,90"
"placa de vídeo gigabyte nvidia geforce rtx 3080 eagle, 12gb gddr6x, lhr, dlss, ray tracing - gv-n3080eagle-12gd",https://www.kabum.com.br/produto/320818/placa-de-video-gigabyte-nvidia-geforce-rtx-3080-eagle-12gb-gddr6x-lhr-dlss-ray-tracing-gv-n3080eagle-12gd,Kabum,"8.699,90"
"placa de vídeo gigabyte amd radeon rx 6750xt, 12gb gddr6, rgb, amd rdna 2 radeon, metal backplate - gv-r675xtgaming oc-12gd",https://www.kabum.com.br/produto/345887/placa-de-video-gigabyte-amd-radeon-rx-6750xt-12gb-gddr6-rgb-amd-rdna-2-radeon-metal-backplate-gv-r675xtgaming-oc-12gd,Kabum,"6.499,90"
"placa de vídeo aorus radeon rx 6750 xt elite, 12gb gddr6, rgb, amd rdna 2 radeon, windforce, metal backplate - gv-r675xtaorus e-12gd",https://www.kabum.com.br/produto/345888/placa-de-video-aorus-radeon-rx-6750-xt-elite-12gb-gddr6-rgb-amd-rdna-2-radeon-windforce-metal-backplate-gv-r675xtaorus-e-12gd,Kabum,"6.899,90"
"placa de vídeo gigabyte amd radeon rx 6650 xt eagle, 8gb gddr6, amd rdna 2 radeon, windforce 3x, backplate - gv-r665xteagle-8gd",https://www.kabum.com.br/produto/345889/placa-de-video-gigabyte-amd-radeon-rx-6650-xt-eagle-8gb-gddr6-amd-rdna-2-radeon-windforce-3x-backplate-gv-r665xteagle-8gd,Kabum,"4.299,90"
"placa de video, gainward, gt1030 2gb, ddr4, 64bit, hdmi, nec103000646-1082f",https://www.kabum.com.br/produto/318945/placa-de-video-gainward-gt1030-2gb-ddr4-64bit-hdmi-nec103000646-1082f,Kabum,"829,90"
placa de vídeo evga nvidia geforce rtx 3080 ftw3 ultra gaming 12gb gddr6x hdmi/dp 12g-p5-4877-kl,https://www.kabum.com.br/produto/339814/placa-de-video-evga-nvidia-geforce-rtx-3080-ftw3-ultra-gaming-12gb-gddr6x-hdmi-dp-12g-p5-4877-kl,Kabum,"10.199,89"
"placa de video rtx 2060, gigabyte, 6 gb, gddr6, gv-n2060d6-6gd",https://www.kabum.com.br/produto/220018/placa-de-video-rtx-2060-gigabyte-6-gb-gddr6-gv-n2060d6-6gd,Kabum,"4.100,00"
"placa de vídeo afox, geforce gt 420, 4gb, ddr3 - af420-4096d3l2",https://www.kabum.com.br/produto/347457/placa-de-video-msi-geforce-rtx-2060-ventus-gp6g-ddr6,Kabum,"611,90"
placa de vídeo galax geforce rtx 3050 ex 1-click oc lhr 8gb gddr6 128 bits - 35nsl8md6yex,https://www.kabum.com.br/produto/320250/placa-de-video-galax-geforce-rtx-3050-ex-1-click-oc-lhr-8gb-gddr6-128-bits-35nsl8md6yex,Kabum,"3.225,87"
"placa de vídeo asus dual rx6750 xt-o12g, 12gb, gddr6 - 90yv0hk0-m0na00",https://www.kabum.com.br/produto/326768/placa-de-video-asus-dual-rx6750-xt-o12g-12gb-gddr6-90yv0hk0-m0na00,Kabum,"5.999,90"
"placa de vídeo evga nvidia geforce rtx 3090 ti ftw3 ultra gaming, 24gb gddr6x, lhr, icx3, argb led, dlss, ray tracing - 24g-p5-4985-kr",https://www.kabum.com.br/produto/328301/placa-de-video-evga-nvidia-geforce-rtx-3090-ti-ftw3-ultra-gaming-24gb-gddr6x-lhr-icx3-argb-led-dlss-ray-tracing-24g-p5-4985-kr,Kabum,"16.299,90"
"placa de vídeo evga nvidia geforce rtx 3090 ti ftw3 black gaming, 24gb gddr6x, lhr, icx3, argb led, dlss, ray tracing - 24g-p5-4981-kr",https://www.kabum.com.br/produto/328316/placa-de-video-evga-nvidia-geforce-rtx-3090-ti-ftw3-black-gaming-24gb-gddr6x-lhr-icx3-argb-led-dlss-ray-tracing-24g-p5-4981-kr,Kabum,"15.499,90"
placa de video 4gb gt730 ddr3 128bits vga/hdmi/dvi  akn730d3s4gl1 arktek,https://www.kabum.com.br/produto/329844/placa-de-video-4gb-gt730-ddr3-128bits-vga-hdmi-dvi-akn730d3s4gl1-arktek,Kabum,"720,00"
placa de vídeo amd xfx radeon 6900 series rx 6900 xt rx-69xtacbd9 16gb,https://www.kabum.com.br/produto/352671/placa-de-video-amd-xfx-radeon-6900-series-rx-6900-xt-rx-69xtacbd9-16gb,Kabum,"12.499,00"
placa de video xfx 16gb amd rx6800 gddr6 speedster swft319 rx68xlaqfd9,https://www.kabum.com.br/produto/352672/placa-de-video-xfx-16gb-amd-rx6800-gddr6-speedster-swft319-rx68xlaqfd9,Kabum,"7.899,00"
"placa de vídeo asus tuf gaming nvidia geforce rtx 3090 ti oc edition, 24gb, rgb, dlss, ray tracing - 90yv0hc3-m0na00",https://www.kabum.com.br/produto/326767/placa-de-video-asus-tuf-gaming-nvidia-geforce-rtx-3090-ti-oc-edition-24gb-rgb-dlss-ray-tracing-90yv0hc3-m0na00,Kabum,"17.499,90"
"placa de vídeo, asus, phoenix geforce rtx3050, 90yv0hh2m0na00i",https://www.kabum.com.br/produto/348297/placa-de-video-asus-phoenix-geforce-rtx3050-90yv0hh2m0na00i,Kabum,"3.075,82"
"placa de vídeo galax nvidia rtx 2060 plus (1-click oc), 6gb gddr6, led, ray tracing - 26nrl7hp68cx",https://www.kabum.com.br/produto/342980/placa-de-video-galax-nvidia-rtx-2060-plus-1-click-oc-6gb-gddr6-led-ray-tracing-26nrl7hp68cx,Kabum,"2.329,90"
placa de video 8gb rx6600 ddr6 128bits 3xdisplayport/1xhdmi rx6600-challenger d asrock,https://www.kabum.com.br/produto/340261/placa-de-video-8gb-rx6600-ddr6-128bits-3xdisplayport-1xhdmi-rx6600-challenger-d-asrock,Kabum,"3.516,00"
placa de vídeo asus nvidia geforce rtx 3070 8gb gddr6 sem lhr dual-rtx3070-o8g,https://www.kabum.com.br/produto/357221/placa-de-video-asus-nvidia-geforce-rtx-3070-8gb-gddr6-sem-lhr-dual-rtx3070-o8g,Kabum,"15.699,99"
placa de vídeo asus phoenix nvidia geforce gtx 1660 6gb gddr5 ph-gtx1660-o6g,https://www.kabum.com.br/produto/357222/placa-de-video-asus-phoenix-nvidia-geforce-gtx-1660-6gb-gddr5-ph-gtx1660-o6g,Kabum,"3.919,99"
placa de vídeo galax nvidia geforce rtx 3070 14 gbps 8gb gddr6 dlss ray tracing 37nsl6md2koc,https://www.kabum.com.br/produto/357223/placa-de-video-galax-nvidia-geforce-rtx-3070-14-gbps-8gb-gddr6-dlss-ray-tracing-37nsl6md2koc,Kabum,"12.999,99"
placa de vídeo asus phoenix nvidia geforce gtx 1660 super 6gb gddr6 ph-gtx1660s-o6g,https://www.kabum.com.br/produto/357224/placa-de-video-asus-phoenix-nvidia-geforce-gtx-1660-super-6gb-gddr6-ph-gtx1660s-o6g,Kabum,"4.499,99"
"placa de vídeo msi nvidia geforce rtx 3070 ventus 3x plus 8g oc, lhr, dlss, ray tracing - geforce rtx 3070 ventus 3x plus 8g oc lhr bv",https://www.kabum.com.br/produto/341443/placa-de-video-msi-nvidia-geforce-rtx-3070-ventus-3x-plus-8g-oc-lhr-dlss-ray-tracing-geforce-rtx-3070-ventus-3x-plus-8g-oc-lhr-bv,Kabum,"4.199,90"
"placa de vídeo palit nvidia geforce rtx 3090 ti gamerock, 24gb gddr6x, 384 bits, lhr, hdmi/dp - ned309t019sb-1022g",https://www.kabum.com.br/produto/357559/placa-de-video-palit-nvidia-geforce-rtx-3090-ti-gamerock-24gb-gddr6x-384-bits-lhr-hdmi-dp-ned309t019sb-1022g,Kabum,"17.699,89"
"placa de video galax geforce rtx 3050 1-click oc v2, 8gb gddr6, lhr, dlss, ray tracing - 35nsl8md5ybp",https://www.kabum.com.br/produto/362511/placa-de-video-galax-geforce-rtx-3050-1-click-oc-v2-8gb-gddr6-lhr-dlss-ray-tracing-35nsl8md5ybp,Kabum,"2.810,95"
